-- phpMyAdmin SQL Dump
-- version 5.2.1
-- https://www.phpmyadmin.net/
--
-- Host: 127.0.0.1
-- Generation Time: Jun 16, 2025 at 06:36 PM
-- Server version: 10.4.32-MariaDB
-- PHP Version: 8.4.8

SET SQL_MODE = "NO_AUTO_VALUE_ON_ZERO";
START TRANSACTION;
SET time_zone = "+00:00";


/*!40101 SET @OLD_CHARACTER_SET_CLIENT=@@CHARACTER_SET_CLIENT */;
/*!40101 SET @OLD_CHARACTER_SET_RESULTS=@@CHARACTER_SET_RESULTS */;
/*!40101 SET @OLD_COLLATION_CONNECTION=@@COLLATION_CONNECTION */;
/*!40101 SET NAMES utf8mb4 */;

--
-- Database: `litterally`
--

DELIMITER $$
--
-- Procedures
--
CREATE DEFINER=`root`@`localhost` PROCEDURE `PerSatuanSampah` (IN `satuan_id` INT)   BEGIN
    SELECT 
        u.nama_user,
        s.nama_satuan,
        SUM(jsm.jumlah) AS total_sampah
    FROM 
        user_input u
    JOIN 
        transaksi_sampah ts ON u.id_user = ts.id_user
    JOIN 
        transaksi_sampah_jenis tsj ON ts.id_transaksi = tsj.id_transaksi
    JOIN 
        jenis_sampah_multivalue jsm ON tsj.id_multivalue = jsm.id_multivalue
    JOIN 
        satuan s ON jsm.id_satuan = s.id_satuan
    WHERE
        jsm.id_satuan = satuan_id
    GROUP BY 
        u.id_user, s.nama_satuan
    ORDER BY 
        total_sampah DESC;
END$$

CREATE DEFINER=`root`@`localhost` PROCEDURE `RentangWaktu` (IN `tanggalAwal` DATE, IN `tanggalAkhir` DATE)   BEGIN
    SELECT 
        t.id_transaksi AS ID_Transaksi,
        t.timestamp AS Timestamp,
        u.nama_user AS Usernya,
        kls.kelas AS Kelas,
        klp.kelompok AS Kelompok,
        js.jenis_sampah AS Jenis_Sampah,
        jsmv.nama_subjenis AS Nama_Subjenis,
        jsmv.jumlah AS Jumlah,
        s.nama_satuan AS Satuan,
        jsmv.keterangan AS Keterangan
    FROM 
        transaksi_sampah t
    LEFT JOIN user_input u ON t.id_user = u.id_user
    LEFT JOIN kelas kls ON u.id_kelas = kls.id_kelas
    LEFT JOIN kelompok klp ON u.id_kelompok = klp.id_kelompok
    LEFT JOIN transaksi_sampah_jenis tsj ON t.id_transaksi = tsj.id_transaksi
    LEFT JOIN jenis_sampah_multivalue jsmv ON tsj.id_multivalue = jsmv.id_multivalue
    LEFT JOIN jenis_sampah js ON jsmv.id_jenis = js.id_jenis
    LEFT JOIN satuan s ON jsmv.id_satuan = s.id_satuan
    WHERE DATE(t.timestamp) BETWEEN tanggalAwal AND tanggalAkhir
    ORDER BY t.timestamp ASC;
END$$

CREATE DEFINER=`root`@`localhost` PROCEDURE `RiwayatTransaksi` (IN `uid` INT)   BEGIN
    SELECT 
        ts.timestamp,
        ts.id_transaksi,
        ui.nama_user,
        js.jenis_sampah,
        jsm.nama_subjenis,
        jsm.jumlah,
        s.nama_satuan,
        jsm.keterangan
    FROM 
        transaksi_sampah ts
    JOIN 
        user_input ui ON ts.id_user = ui.id_user
    JOIN 
        transaksi_sampah_jenis tsj ON ts.id_transaksi = tsj.id_transaksi
    JOIN 
        jenis_sampah_multivalue jsm ON tsj.id_multivalue = jsm.id_multivalue
    JOIN 
        jenis_sampah js ON jsm.id_jenis = js.id_jenis
    LEFT JOIN 
        satuan s ON jsm.id_satuan = s.id_satuan
    WHERE 
        ts.id_user = uid
    ORDER BY 
        ts.timestamp ASC;
END$$

CREATE DEFINER=`root`@`localhost` PROCEDURE `TotalSampahUserPerSatuan` (IN `uid` INT, IN `satuan_id` INT)   BEGIN
    SELECT 
        ui.nama_user,
        js.jenis_sampah,
        SUM(jsm.jumlah) AS jumlah_sampah
    FROM 
        transaksi_sampah ts
    JOIN 
        user_input ui ON ts.id_user = ui.id_user
    JOIN 
        transaksi_sampah_jenis tsj ON ts.id_transaksi = tsj.id_transaksi
    JOIN 
        jenis_sampah_multivalue jsm ON tsj.id_multivalue = jsm.id_multivalue
    JOIN 
        jenis_sampah js ON jsm.id_jenis = js.id_jenis
    JOIN 
        satuan s ON jsm.id_satuan = s.id_satuan
    WHERE 
        ts.id_user = uid
        AND s.id_satuan = satuan_id
    GROUP BY 
        ui.nama_user, js.jenis_sampah
    ORDER BY 
        js.jenis_sampah;
END$$

DELIMITER ;

-- --------------------------------------------------------

--
-- Table structure for table `jenis_sampah`
--

CREATE TABLE `jenis_sampah` (
  `id_jenis` int(11) NOT NULL,
  `jenis_sampah` varchar(255) DEFAULT NULL
) ENGINE=InnoDB DEFAULT CHARSET=utf8mb4 COLLATE=utf8mb4_general_ci;

--
-- Dumping data for table `jenis_sampah`
--

INSERT INTO `jenis_sampah` (`id_jenis`, `jenis_sampah`) VALUES
(1, 'Anorganik'),
(2, 'Organik'),
(3, 'B3');

-- --------------------------------------------------------

--
-- Table structure for table `jenis_sampah_multivalue`
--

CREATE TABLE `jenis_sampah_multivalue` (
  `id_multivalue` int(11) NOT NULL,
  `id_jenis` int(11) NOT NULL,
  `id_satuan` int(11) DEFAULT NULL,
  `jumlah` float DEFAULT NULL,
  `keterangan` varchar(255) DEFAULT NULL,
  `nama_subjenis` varchar(255) NOT NULL
) ENGINE=InnoDB DEFAULT CHARSET=utf8mb4 COLLATE=utf8mb4_general_ci;

--
-- Dumping data for table `jenis_sampah_multivalue`
--

INSERT INTO `jenis_sampah_multivalue` (`id_multivalue`, `id_jenis`, `id_satuan`, `jumlah`, `keterangan`, `nama_subjenis`) VALUES
(1, 1, 3, 100, 'Sampah meningkat setelah acara Lebaran, banyak saudara datang. Botol Fanta 4 buah dari konsumsi saudara yang hadir', 'Botol minuman'),
(2, 1, 3, 60, 'hari pertama lebaran, banyak tamu', 'Botol minuman'),
(3, 1, 3, 14, 'lebaran pertama lumayan banyak sampah dari tamu yang hadir', 'Cup minuman'),
(4, 1, 3, 2, 'botol sirup buat tamu jadi cuma 2', 'Botol kaca'),
(5, 1, 3, 13, 'Setelah hari raya banyak anak anak berkumpul dirumah dan membawa makanan ringan', 'Bungkus snack'),
(6, 1, 3, 30, 'Lumayan banyak karena dihari pertama lebaran ini bnyk tamu yang datang terutma saudara', 'Cup minuman'),
(7, 1, 3, 2, 'cuma pilah 2 buah saja dari bekas minum tamu yang datang', 'Kaleng minuman'),
(8, 2, 3, 6, '', 'Sampah makanan'),
(9, 2, 3, 7, 'Lebaran', 'Daun ketupat'),
(10, 2, 3, 3, 'Lebaran ada kegiatan makan buah rambutan bersama.', 'Iket rambutan'),
(11, 2, 3, 2, '', 'Kardus'),
(12, 1, 3, 5, '', 'Plastik'),
(13, 1, 3, 4, '', 'Plastik'),
(14, 2, 3, 10, '', 'Tusuk sate'),
(15, 1, 3, 7, 'Jumlah sampah tidak begitu meningkatkan dikarenakan lebih banyak yang memilih minum menggunakan gelas', 'Botol air minum'),
(16, 1, 1, 2, 'jumlah sampah banyak karena dirumah nenek sedang banyak tamu', 'Sampah rumah'),
(17, 1, 3, 23, 'Bungkus dari makanan saat lebaran', 'Bungkus makanan'),
(18, 2, 4, 22, 'Tisu Bekas Makanan di Hari Lebaran', 'Tissue'),
(19, 1, 3, 2, 'sampah botol plastik banyak di hari pertama lebaran', 'Botol minuman'),
(20, 1, 3, 11, 'Banyak meminum dalam kemasan cup di hari lebaran.', 'Cup minuman'),
(21, 1, 3, 7, 'aqua gelas plastik ukuran 220 ml', 'Cup minuman'),
(22, 1, 3, 3, 'sampah kresek', 'Plastik'),
(23, 1, 3, 14, 'pemilihan dari sampah di rumah sendiri', 'Botol'),
(24, 1, 3, 2, 'sampah minuman kemasan botol plastik ukuran 300ml', 'Botol minuman'),
(25, 2, 3, 15, 'Sampah ini cukup banyak didapatkan karena bertepatan dengan hari raya idul fitri yg identik dengan ketupat', 'Cangkang ketupat'),
(26, 2, 3, 16, 'sampah meningkat setelah ada pembagian Tunjangan Hari Raya di rumah', 'Kertas amplop'),
(27, 2, 5, 2, 'Sisa makanan lebaran hari pertama dan kedua ', 'Sampah makanan'),
(28, 1, 3, 76, 'lebaran hari ke 1 banyak tamu yang berkunjung sehingga disediakan cup mineral untuk para tamu.', 'Cup air minum'),
(29, 1, 5, 1, 'Sampah anorganik lebaran di hari pertama dan kedua ', 'Sampah organik'),
(30, 2, 3, 4, 'jumlah sampah tudak terlalu banyak, sampah tersebut merupakan sampah daun pisang bekas membungkus ketupat.', 'Daun pisang'),
(31, 2, 4, 7, 'Hari pertama saat acara lebaran', 'Daun ketupat'),
(32, 1, 3, 6, 'Hari pertama saat acara lebaran', 'Botol plastik'),
(33, 1, 3, 6, 'sampah minuman kemasan 220ml', 'Botol minuman'),
(34, 1, 3, 8, 'Botol Fanta 1L', 'Botol minuman'),
(35, 2, 3, 2, 'Sampah saat hari lebaran', 'Cangkang ketupat'),
(36, 2, 5, 1, 'sampah hari pertama idul fitri ', 'Sampah makanan'),
(37, 1, 3, 11, '7 botol air minum mineral 220ml, 4 air kaleng 330ml, hari pertama idul fitri', 'Botol air minum'),
(38, 2, 3, 6, 'daun kelapa bekas ketupat', 'Daun kelapa'),
(39, 1, 3, 10, 'Botol botol bekas minuman yang dikumpulkan hari ke 2 lebaran dari rumah saudara', 'Botol minuman'),
(40, 1, 3, 2, 'bungkus plastik bekas dari kue-kue', 'Bungkus kue'),
(41, 2, 3, 5, 'Ada acara makan-makan, yang dimana daun pisang digunakan untuk membungkus nasinya', 'Daun pisang'),
(42, 1, 3, 22, 'Botol yang dikumpulkan sepanjangan perjalanan mudik serta saat kerumah sodara', 'Botol air minum'),
(43, 1, 3, 5, 'plastik bekas belanjaan ', 'Plastik'),
(44, 1, 3, 7, 'sampah sisa tamu dan orang dirumah', 'Cup minuman'),
(45, 1, 3, 16, '5 botol plastik, 7 gelas plastik,  4 plastik', 'Botol minuman'),
(46, 2, 1, 2, 'Sisa bekas makanan saat lebaran, seperti cangkang telur, kulit ketupat, kulit buah, tulang sop', 'Sampah makanan'),
(47, 1, 3, 20, 'Sampah gelas plastik bekas minum', 'Cup minuman'),
(48, 2, 3, 3, 'karna tidak dirumah seharian ini banyak berkunjung ke rumah saudara jadi tidak terlalu banyak sampah yang dibuang', 'Cangkang telur'),
(49, 1, 3, 3, 'Bekas makan malam', 'Plastik nasi'),
(50, 1, 3, 6, 'sampah bekas bungkusan makanan fastfood', 'Bungkus makanan'),
(51, 1, 4, 23, 'karna tidak dirumah seharian ini banyak berkunjung ke rumah saudara jadi tidak terlalu banyak sampah yang dibuang', 'Plastik'),
(52, 2, 4, 23, 'karna tidak dirumah seharian ini banyak berkunjung ke rumah saudara jadi tidak terlalu banyak sampah yang dibuang', 'Kertas'),
(53, 1, 3, 3, 'sampah minuman kemasan', 'Cup minuman'),
(54, 1, 3, 5, 'Sampah Air mineral cup, dikarenakan dipake untuk minum oleh tamu ', 'Cup minuman'),
(55, 1, 3, 6, 'pergi ke rumah saudara, banyak minum air mineral gelas', 'Cup minuman'),
(56, 1, 3, 7, 'pergi ke rumah saudara, makan', 'Styrofoam'),
(57, 1, 3, 3, 'Kotak makanan dari resto yang digunakan untuk perjalanan di kereta', 'Kotak makanan'),
(58, 1, 3, 7, 'Sampah dari tamu karena banyak pengunjuk ketika lebaran', 'Botol plastik'),
(59, 1, 3, 13, 'sampah jenis ini sangat meningkat karena ada banyak tamu yang datang ke rumah ketika lebaran', 'Cup air minum'),
(60, 2, 3, 3, 'Banyak sampah dari ketupat karena sering digunakan untuk mewadahi ketupat ketika lebaran', 'Cangkang ketupat'),
(61, 1, 3, 3, 'Dalam perjalanan', 'Botol plastik'),
(62, 2, 3, 6, 'sampah dari amplop thr', 'Kertas amplop'),
(63, 1, 3, 18, 'Berkunjung ke rumah saudara', 'Gelas plastik'),
(64, 2, 5, 2, 'Sisa makanan seperti tulang ayam dan sambel', 'Sisa makanan'),
(65, 2, 3, 11, 'banyak sampah cangkang pisang karena banyak tamu lebaran yang makan pisang', 'Cangkang pisang'),
(66, 1, 3, 14, 'banyak sampah botol yakult karena di rumah nge stok minuman yakult dan banyak tamu yang minum yakult', 'Botol yakult'),
(67, 1, 3, 1, '', 'Botol minuman'),
(68, 1, 3, 3, '', 'Styrofoam'),
(69, 2, 2, 200, '', 'Kulit buah'),
(70, 1, 3, 4, '', 'Plastik'),
(71, 1, 3, 1, 'Pecah', 'Gelas kaca'),
(72, 1, 3, 4, '', 'Bungkus biskuit'),
(73, 2, 4, 3, 'Karna dirumah saja sampah tidak banyak', 'Tissue'),
(74, 1, 3, 17, 'lumayan banyak karna tamu berkunjung lebaran', 'Kaleng minuman'),
(75, 1, 3, 12, 'tamu berkunjung', 'Cup minuman'),
(76, 1, 3, 29, 'cukup banyak karna open house lebaran', 'Plastik'),
(77, 2, 5, 1, 'Sisa makanan dan bahan masakan', 'Sampah makanan'),
(78, 1, 5, 2, 'Sampah sehari-hari', 'Sampah anorganik'),
(79, 2, 2, 700, 'makanan sisa seperti buah dan sayur bagian tidak terpakai ', 'Sampah makanan'),
(80, 1, 3, 3, 'Sampah bekas memasak makanan', 'Plastik'),
(81, 2, 1, 0.3, 'janur kuning sampah dari ketupat ', 'Sampah makanan'),
(82, 1, 3, 5, 'aqua gelas plastik 220 ml', 'Cup minuman'),
(83, 1, 3, 2, 'Sampah bekas makanan sehari-hari', 'Bungkus snack'),
(84, 1, 3, 2, '', 'Cup minuman'),
(85, 1, 3, 28, 'Gabungan dengan hari kemarin', 'Botol plastik'),
(86, 1, 3, 15, 'jumlah sampah banyak di karenakan lebaran kedua ', 'Styrofoam'),
(87, 1, 3, 20, 'jumlah banyak di karenakan tamu yang berdatangan saat hari raya idul fitri', 'Cup minuman'),
(88, 1, 3, 8, 'Sampah bekas bungkus makanan', 'Bungkus makanan'),
(89, 1, 3, 3, 'Bahan untuk Buka Bersama', 'Kaleng minuman'),
(90, 1, 3, 9, 'Cemilan setelah buka bersama', 'Bungkus makanan'),
(91, 2, 5, 1, 'Bekas bungkus makanan', 'Bungkus makanan'),
(92, 1, 3, 5, 'Kantong plastik belanja dari 5 toko', 'Kantong plastik'),
(93, 1, 3, 5, 'sampah bekas snack yang sudah habis', 'Kaleng makanan'),
(94, 1, 5, 1, 'beisis beberapa bungkus bekas jajanan seperti ciki dan permen', 'Bungkus makanan'),
(95, 2, 4, 4, 'Bekas makan siang', 'Daun pisang'),
(96, 1, 3, 6, 'Sampah plastik makanan dari minimarket', 'Plastik'),
(97, 1, 3, 61, 'akumulasi 3 hari setelah lebaran, 3 dus air mineral isi 24 buah( tidak habis) sisanya botol minuman berkarbonasi', 'Botol minuman'),
(98, 1, 3, 4, 'sampah kemasan minuman', 'Botol minuman'),
(99, 1, 3, 8, 'hari kedua lebaran tamu datang', 'Cup minuman'),
(100, 1, 2, 160, 'sampah yang terkumpul hari ini merupakan sampah berupa bungkus snack dan jajanan ringan', 'Bungkus makanan'),
(101, 1, 3, 13, 'sampah air putih kemasan ', 'Plastik'),
(102, 1, 5, 17, 'Kantong plastik bekas belanjaan yang akan dikumpulkan di bank sampah terdekat untuk diolah menjadi kerajinan ', 'Plastik'),
(103, 1, 3, 8, '', 'Styrofoam'),
(104, 1, 3, 10, '', 'Plastik'),
(105, 1, 3, 6, 'sampah anorganik', 'Plastik'),
(106, 1, 3, 12, 'sampah sampah yang ada dirumah ', 'Plastik'),
(107, 2, 5, 2, 'sisa makanan pagi dan siang', 'Sampah makanan'),
(108, 1, 3, 6, 'Sampah bekas makanan yang menggunakan kemasan styrofoam', 'Styrofoam'),
(109, 1, 3, 6, 'bekas dari lauk yang disimpen lalu dipanasin', 'Plastik'),
(110, 1, 3, 2, 'bekas dari membeli ice cream dan minuman', 'Cup plastik'),
(111, 1, 3, 1, 'Sampah minuman sehari-hari ', 'Kaleng minuman'),
(112, 1, 3, 1, 'bungkus snack', 'Bungkus makanan'),
(113, 1, 3, 4, 'Sampah makanan sehari-hari', 'Bungkus snack'),
(114, 1, 3, 1, 'bungkus bekas tissue', 'Bungkus tisu'),
(115, 1, 3, 7, 'Sampah minuman sehari-hari', 'Cup minuman'),
(116, 2, 3, 3, 'Bekas bolu makanan', 'Kardus'),
(117, 1, 3, 2, 'kemasan bekas coklat ', 'Bungkus makanan'),
(118, 1, 3, 2, 'botol bekas teh pucuk', 'Botol minuman'),
(119, 2, 5, 1, '', 'Sampah makanan'),
(120, 1, 3, 2, '', 'Botol minuman'),
(121, 2, 1, 1, 'Sisa dari makanan dan bahan masakan', 'Sampah makanan'),
(122, 1, 3, 12, 'Sampah bungkus makanan ringan seperti kerupuk dan biskuit', 'Bungkus makanan'),
(123, 2, 4, 8, 'bekas makan nasi lontong', 'Daun pisang'),
(124, 1, 3, 3, 'bekas minum jus', 'Cup minuman'),
(125, 1, 3, 3, 'tamu lebaran', 'Kaleng minuman'),
(126, 1, 3, 2, 'bekas tamu lebaran minum', 'Botol minuman'),
(127, 2, 3, 2, 'kulit durian', 'Kulit durian'),
(128, 1, 3, 5, '', 'Bungkus makanan'),
(129, 2, 3, 4, 'kardus bekas tanaman bambu kecil', 'Kardus'),
(130, 1, 3, 10, 'Sampah Air mineral cup,Dikarenakan galon dirumah habis', 'Cup minuman'),
(131, 2, 5, 1, 'Sampah sisa makanan', 'Sampah makanan'),
(132, 1, 3, 2, '', 'Kresek'),
(133, 1, 3, 14, 'Bekas yupi dari makanan lebaran', 'Bungkus permen'),
(134, 1, 3, 9, 'sampah bekas minuman kemasan yang sulit di daur ulang karena terbuat dari plastik yang jumlahnya ada 9 buah', 'Botol minuman'),
(135, 2, 1, 1, 'sampah kulit buah yang lumayan banyak', 'Kulit buah'),
(136, 1, 3, 7, 'Bersih-bersih dapur', 'Botol kaca'),
(137, 1, 3, 8, 'Botol Plastik ukuran 220ml', 'Botol minuman'),
(138, 2, 4, 10, 'bekas lontong', 'Bekas lontong'),
(139, 1, 3, 3, 'Sampah rumah', 'Plastik'),
(140, 2, 1, 1, 'Sampah rumah', 'Sampah makanan'),
(141, 1, 3, 4, 'bekas belanjaan', 'Kresek'),
(142, 1, 3, 5, 'jumlah sampah sedikit karena hanya air mineral cadangan', 'Botol minuman'),
(143, 2, 1, 1, 'jumlah sampah lumayan banyak, karena sedang kumpul keluarga', 'Sampah makanan'),
(144, 1, 3, 3, 'sampah plastik beli baso', 'Plastik'),
(145, 2, 3, 5, 'kardus bekas packing\"', 'Kardus'),
(146, 1, 3, 5, 'plastik sisa bungkus makanan', 'Bungkus makanan'),
(147, 1, 3, 5, 'bekas orang orang dirumah ', 'Cup minuman'),
(148, 1, 3, 2, 'bekas makanan', 'Styrofoam'),
(149, 1, 3, 5, 'sampah plastik dari bungkus bakso dan juga plastik minyak(sampah anorganik)', 'Plastik'),
(150, 2, 1, 1, 'Sampah bekas makan kerang', 'Cangkang Kerang'),
(151, 2, 3, 4, 'banyak kardus sampah aqua bekas idul fitri', 'Kardus'),
(152, 2, 3, 66, 'makan sate bersama keluarga', 'Tusuk sate'),
(153, 1, 3, 4, 'air gelas bekas aqua gelas', 'Cup minuman'),
(154, 1, 4, 3, 'bekas makan', 'Kertas makan'),
(155, 1, 3, 1, '', 'Kaleng minuman'),
(156, 1, 3, 7, '', 'Botol minuman'),
(157, 2, 5, 1, '', 'Sampah makanan'),
(158, 2, 1, 1, 'Kulit telur, kulit buah, sayur bekas', 'Sampah makanan'),
(159, 2, 3, 2, 'Kotak bekas sereal', 'Kardus'),
(160, 1, 3, 2, 'kemasan berupa plastik bekas coklat', 'Bungkus makanan'),
(161, 1, 3, 12, 'beberapa botol bekas perjalanan mudik sekeluarga', 'Botol minuman'),
(162, 1, 3, 6, 'hari ketiga, sampah dari tamu berdatangan', 'Cup gelas'),
(163, 1, 3, 13, 'hari ke-empat, masih sama sampah dari tamu datanga dan sampah dari rumah', 'Cup gelas'),
(164, 1, 3, 4, 'Sampah sehari hari', 'Bungkus sachet'),
(165, 1, 3, 6, 'sampah gelas aqua plastik isi 220 ml', 'Cup minuman'),
(166, 1, 3, 27, 'Sampah air mineral cup rekap 2 hari ,dikarenakan tidak ada galon dirumah', 'Cup minuman'),
(167, 1, 3, 4, 'Sampah Susu kotak', 'Kemasan susu'),
(168, 1, 3, 2, '', 'Kresek'),
(169, 2, 5, 0.5, '', 'Sampah makanan'),
(170, 1, 3, 2, 'Sudah lumayan sedikit karna frekuensi bertamu sudah mulai sedikit', 'Botol minuman'),
(171, 1, 3, 9, 'Karna masih jalan jalan ke rumah lain jadi tidak banyak buang sampah', 'Plastik'),
(172, 2, 3, 3, 'Sampah makanan bekas sehari-hari', 'Sampah makanan'),
(173, 1, 3, 4, 'Sampah bekas bungkus makanan', 'Bungkus makanan'),
(174, 2, 5, 2, 'sisa makanan dan kotoran hewan peliharaan,dll', 'Sampah makanan'),
(175, 1, 3, 4, 'bekas kemasan susu dan pasir kucing', 'Kemasan susu'),
(176, 2, 3, 2, 'tisu dan kapas bekas pakai', 'Tissue'),
(177, 1, 3, 3, 'Bungkus makanan ringan', 'Bungkus makanan'),
(178, 1, 3, 10, 'sampah sampah bekas org rumah ', 'Bungkus makanan'),
(179, 2, 5, 1, 'Berisi kertas kertas koran bekas tuker kado ', 'Kertas Koran'),
(180, 1, 3, 2, 'botol bekas fanta', 'Botol minuman'),
(181, 1, 3, 5, 'bekas minum lebaran ke rumah keluarga', 'Cup minuman'),
(182, 2, 1, 1, 'Jumlah sampah relatif sedikit', 'Sampah makanan'),
(183, 1, 3, 5, 'botol minuman terkumpul banyak karena idul fitri ', 'Botol minuman'),
(184, 2, 2, 250, 'sampah bekas memotong\" untuk membuat kerajinan properti kegiatan', 'Kardus'),
(185, 2, 3, 6, 'Daun kelapa bekas kupat yang masih tersisa', 'Daun kelapa'),
(186, 2, 3, 1, 'Kardus bekas dari paket', 'Kardus'),
(187, 1, 3, 3, 'Plastik bubble wrap bekas paket', 'Plastik'),
(188, 2, 2, 300, '', 'Sampah makanan'),
(189, 1, 3, 5, '', 'Kantong kresek'),
(190, 1, 2, 457, 'sampah plastik banyak karena masih banyak kedatangan tamu', 'Plastik'),
(191, 2, 2, 1567, 'sampah banyak karena membuat berbagai hidangan', 'Sampah makanan'),
(192, 1, 2, 40, '', 'Plastik'),
(193, 2, 3, 4, 'Tulang ikan, tukang entog', 'Sampah makanan'),
(194, 1, 3, 5, 'Sampah dari rumah', 'Plastik'),
(195, 2, 1, 2, 'Sisa makan siang di rumah', 'Sampah makanan'),
(196, 1, 3, 3, '', 'Botol plastik'),
(197, 1, 3, 5, 'Bungkus makanan dari pedagang', 'Bungkus makanan'),
(198, 1, 3, 2, 'botol bekas teh pucuk', 'Botol minuman'),
(199, 2, 4, 13, 'Hari hari biasa', 'Tissue'),
(200, 2, 3, 1, '1 buah kulit semangka', 'Kulit semangka'),
(201, 2, 3, 4, '', 'Kardus'),
(202, 1, 3, 7, 'botol minuman bekas perjalanan', 'Botol minuman'),
(203, 1, 3, 6, 'Sampah kemasan mie instan ', 'Plastik'),
(204, 1, 3, 12, 'tamu berdatangan ', 'Minuman kemasan'),
(205, 2, 3, 2, '', 'Kulit jeruk'),
(206, 2, 3, 5, '', 'Kulit jeruk'),
(207, 2, 3, 35, 'Bekas tempat makan acara keluarga', 'Mangkuk kertas'),
(208, 1, 3, 9, 'Botol bekas minyak dan minuman yang dikumpulkan dari rumah', 'Botol minyak'),
(209, 1, 3, 4, 'Toples plastik bekas wafer kue', 'Toples plastik'),
(210, 1, 3, 1, '', 'Kaleng makanan'),
(211, 2, 3, 4, 'sampah kardus bekas barang\" ', 'Kardus'),
(212, 1, 3, 15, 'sampah bekas orang orang di rumah ', 'Bungkus makanan'),
(213, 1, 3, 2, 'Plastik bekas bungkus barang', 'Plastik'),
(214, 2, 3, 1, 'Kardus bekas yang sudah tidak terpakai', 'Kardus'),
(215, 1, 5, 3, 'bekas pemakaian sehari hari seprti tisu,plastik makanan,botol,dll', 'Plastik'),
(216, 2, 5, 1, 'Sampah sisa makanan', 'Sampah makanan'),
(217, 1, 5, 2, 'Kertas dan plastik', 'Plastik'),
(218, 1, 3, 3, 'Sampah botol air dalam beberapa hari ', 'Botol minuman'),
(219, 1, 3, 32, 'Kemasan air mineral, sosro dan kopi', 'Botol plastik'),
(220, 1, 3, 15, '3 plastik dan 12 tusuk sate', 'Plastik'),
(221, 1, 2, 70, 'sampah plastik berupa sarung tangan plastik, tissue, tulang ayam, dan botol air mineral', 'Plastik'),
(222, 1, 3, 5, 'Botol bekas minuman manis', 'Botol minuman'),
(223, 1, 3, 2, 'botol bekas teh pucuk', 'Botol minuman'),
(224, 2, 1, 2, 'Tulang ayam, kulit telur, sayur bekas, kulit buah, biji buah', 'Sampah makanan'),
(225, 1, 3, 16, 'Bungkus mie, bungkus sabun cuci, bungkus shampo sachet', 'Bungkus makanan'),
(226, 1, 3, 1, 'bekas bungkus mie instan', 'Bungkus makanan'),
(227, 1, 3, 2, 'bekas botol minuman air mineral', 'Botol minuman'),
(228, 1, 2, 103, 'sampah berkurang karena berkurangnya penggunaan plastik makanan maupun minuman', 'Plastik'),
(229, 1, 1, 3, 'sampah daur ulang', 'Sampah daur ulang'),
(230, 2, 2, 1043, 'berat dikarenakan terdapat banyak tulang kaki sapi ', 'Tulang kaki sapi'),
(231, 1, 3, 7, 'Sampah makanan saat bepergian', 'Plastik'),
(232, 1, 4, 8, 'Sampah kertas nasi ,bekas abis makanan nasi uduk dan nasi kuning 1 bungkus ada 2 kertas', 'Kertas nasi'),
(233, 1, 3, 2, 'Sampah Sereal cup ,bekas sarapan pagi', 'Cup sereal'),
(234, 1, 3, 20, 'Ada tamu datang berkunjung', 'Kemasan cemilan'),
(235, 1, 3, 11, 'Bekas bungkus makan ', 'Kertas nasi'),
(236, 1, 3, 1, 'botol nipis madu hijau', 'Botol minuman'),
(237, 1, 3, 4, 'Plastik bekas chiki', 'Bungkus makanan'),
(238, 2, 4, 6, 'Daun pisang bekas makanan basah ', 'Daun pisang'),
(239, 1, 5, 1, 'sampah anorganik campuran', 'Kresek'),
(240, 1, 4, 6, 'Plastik mika bekas bungkus jajanan', 'Plastik mika'),
(241, 1, 3, 4, 'Bungkus sterofoam bekas jajanan', 'Styrofoam'),
(242, 1, 5, 1, '', 'Bungkus makanan'),
(243, 1, 2, 100, 'bungkus kemasan, plastik yang sudah tidak terpakai', 'Bungkus makanan'),
(244, 1, 3, 2, '', 'Botol bekas'),
(245, 1, 3, 3, '', 'Styrofoam'),
(246, 2, 2, 100, '', 'Sampah makanan'),
(247, 1, 2, 47, 'sampah bekas kemasan makanan ', 'Bungkus makanan'),
(248, 1, 3, 5, 'sampah makanan kemasan', 'Sampah makanan'),
(249, 2, 2, 365, 'sampah bekas makanan, seperti sisaan bagian buah dan sayur yang tidak digunakan ', 'Sampah makanan'),
(250, 1, 3, 4, 'Sampah bekas cemilan ', 'Bungkus makanan'),
(251, 2, 4, 20, 'Sampah bungkus makanan dari rumah', 'Daun pisang'),
(252, 1, 3, 2, 'Botol plastik kemasan minuman', 'Botol minuman'),
(253, 1, 3, 4, 'bekas  belanja cemilan di indomaret', 'Plastik'),
(254, 1, 2, 85, 'sampah rumah tangga', 'Sampah rumah tangga'),
(255, 2, 1, 4, 'kayu bekas lemari dan rak yg sudah rusak', 'Kayu'),
(256, 1, 3, 13, 'Sampah bungkus snack', 'Bungkus snack'),
(257, 2, 3, 5, 'Sampah kotak nasi', 'Kotak nasi'),
(258, 1, 3, 4, 'Sampah Plastik', 'Plastik'),
(259, 2, 3, 4, 'Sampah kemasan 3 minuman susu + 1 minuman isotonik', 'Kotak susu'),
(260, 2, 2, 300, 'sampah sisa makanan (buah,nasi,tulang)', 'Sampah makanan'),
(261, 1, 1, 2, 'Sampah bekas masak dan saudara', 'Sampah makanan'),
(262, 1, 3, 31, 'Sampah bungkus makanan', 'Plastik'),
(263, 2, 5, 4.5, 'Akumulasi sampah organik selama 3 hari', 'Sampah organik'),
(264, 1, 5, 7, 'Akumulasi sampah anorganik selama 3 hari', 'Sampah anorganik'),
(265, 1, 3, 10, 'masih ada tamu yang datang', 'Cup minuman'),
(266, 1, 5, 1, 'sampah bekas bungkus makanan', 'Bungkus makanan'),
(267, 2, 5, 1, 'sisa makanan', 'Sampah makanan'),
(268, 1, 5, 2, 'Sampah anorganik rumah tangga ', 'Sampah anorganik'),
(269, 1, 3, 2, 'bekas minuman botol air mineral', 'Botol minuman'),
(270, 2, 5, 1, 'Sampah organik sisa makanan ', 'Sampah makanan'),
(271, 1, 3, 14, 'Lumayan banyak plastik karena bnyk yg makan permen hari ini', 'Bungkus permen'),
(272, 1, 3, 5, '', 'Botol'),
(273, 2, 3, 3, '', 'Kardus'),
(274, 1, 3, 5, 'kemasan plastik bekas chiki', 'Plastik'),
(275, 1, 3, 8, '', 'Minuman kemasan'),
(276, 1, 3, 11, 'Hari biasa tanggal 6 April', 'Kemasan minuman'),
(277, 1, 3, 10, '', 'Cup plastik'),
(278, 2, 3, 6, '', 'Kulit jeruk'),
(279, 1, 1, 1, 'toples pecah (kaca)', 'Kaca'),
(280, 2, 3, 14, '', 'Kulit buah'),
(281, 1, 3, 17, 'Hasil pemilahan sampah botol plastik yang sudah terkumpul dari seminggu setelah lebaran', 'Botol plastik'),
(282, 1, 3, 30, 'Hasil pemilahan seminggu setelah lebaran, banyak karena sudah berhari-hari tamu datang ke rumah', 'Cup minuman'),
(283, 1, 3, 7, 'Sampah bekas bungkus makanan', 'Plastik'),
(284, 1, 3, 4, 'plastik bekas bakso', 'Plastik'),
(285, 1, 3, 2, 'botol bekas minuman', 'Botol minuman'),
(286, 2, 5, 1, 'Sampah sisa makanan', 'Sampah makanan'),
(287, 1, 3, 1, 'Galon plastik', 'Galon plastik'),
(288, 1, 3, 4, 'Bungkus paket, plastik, yang sudah tidak terpakai', 'Plastik'),
(289, 1, 3, 8, 'bungkus mie, plastik barang, bungkus tanggo', 'Bungkus makanan'),
(290, 1, 3, 3, 'minuman aqua ukuran sedang', 'Botol minuman'),
(291, 1, 5, 1, 'Sampah anorganik (plastik) rumah tangga ', 'Plastik'),
(292, 2, 5, 1, 'Sampah organik sisa makanan ', 'Sampah makanan'),
(293, 2, 5, 1, 'sampah kulit buah dan ubi ', 'Kulit buah'),
(294, 1, 3, 4, 'sampah bungkus makanan dan plastik kresek', 'Plastik'),
(295, 1, 3, 4, '2 kertas minyak (bungkus makanan), 1 kantong kresek, 1 kemasan snack', 'Bungkus makanan'),
(296, 2, 3, 4, 'kardus bekas pempek dan makanan lainnya', 'Kardus'),
(297, 1, 3, 6, 'mangkok bekas bakso', 'Mangkok kertas'),
(298, 1, 3, 3, 'plastik bekas mie instan', 'Plastik'),
(299, 2, 5, 0.5, 'Sudah pulang ke kos jadi sampah hanya sedikit', 'Sampah organik'),
(300, 1, 5, 1, '', 'Sampah anorganik'),
(301, 1, 5, 6, '', 'Plastik'),
(302, 1, 3, 1, '', 'Botol minuman'),
(303, 1, 3, 1, 'gelas plastik minuman seperti teh/jus', 'Cup minuman'),
(304, 2, 3, 1, 'kotak kardus bekas kemasan makanan', 'Kardus'),
(305, 2, 1, 1, 'Sisa makan siang', 'Sampah makanan'),
(306, 1, 3, 5, 'Toples dari sisa kue-kue kering', 'Plastik'),
(307, 1, 2, 31, 'hanya ada sedikit sampah plastik', 'Plastik'),
(308, 2, 2, 127, 'hanya ada sedikit sisa sisa makanan', 'Sampah makanan'),
(309, 1, 5, 1, 'sampah plastik, kertas', 'Plastik'),
(310, 1, 2, 105, 'Sampah bungkus makanan', 'Bungkus makanan'),
(311, 1, 3, 5, 'memilah yg ada didalam rumah', 'Botol minuman'),
(312, 1, 3, 6, 'Keluarga berkunjung ke kos', 'Botol minuman'),
(313, 1, 3, 2, '', 'Kaleng minuman'),
(314, 1, 3, 12, '', 'Plastik'),
(315, 1, 3, 4, 'banyak kaleng minuman yang terdapat dari rumah ', 'Kaleng minuman'),
(316, 2, 2, 350, 'Sampah kotoran ikan ', 'Kotoran ikan'),
(317, 1, 3, 12, 'mineral gelas, air kaleng, air botol, snack', 'Minuman kemasan'),
(318, 2, 5, 1, 'sisa makanan', 'Sampah makanan'),
(319, 1, 3, 10, 'hari pertama di kos, setelah lebaran', 'Plastik'),
(320, 1, 3, 6, 'Sudah mulai sedikit karena bukan dalam masa ramdahan lagi', 'Cup minuman'),
(321, 1, 3, 1, 'Sampah bungkus makanan', 'Kertas nasi'),
(322, 1, 1, 2, 'sampah plastik yang dihasilkan terlalu banyak dan sulit terurai', 'Plastik'),
(323, 2, 1, 1, 'sampah tersebut dapat terurai meskipun jumlahnya banyak.', 'Cangkang telur'),
(324, 2, 4, 80, 'jika sampah tersebut di hancurkan dapat terurai dengan baik dan dapat di daur ulang', 'Kertas'),
(325, 2, 3, 50, 'sampah tersebut jumlahnya terlalu banyak', 'Tusuk sate'),
(326, 1, 3, 15, 'Kaleng & Kemasan Kue Kering Lebaran', 'Kemasan kue kering'),
(327, 1, 3, 3, 'Air mineral aqua', 'Botol minuman'),
(328, 1, 1, 3, 'sampah biasa', 'Sampah biasa'),
(329, 2, 4, 14, 'Tissue digunakan untuk membersihkan sebagian besar perabot rumah', 'Tissue kering'),
(330, 1, 3, 1, 'plastik kemasan bakso, ukuran 10x20', 'Plastik'),
(331, 2, 1, 1, 'Sisa makanan di rumah', 'Sampah makanan'),
(332, 1, 3, 3, 'Sampah tempat minuman pada hari ini', 'Cup minuman'),
(333, 2, 3, 4, 'Kardus Paket', 'Kardus'),
(334, 1, 3, 4, 'Pelastik Bungkus Paket', 'Plastik'),
(335, 1, 3, 3, 'bungkus makanan ringan', 'Plastik'),
(336, 1, 3, 9, 'Plastik bekas makanan', 'Bungkus makanan'),
(337, 1, 2, 120, 'sampah bungkus makanan hari ini', 'Bungkus makanan'),
(338, 1, 2, 41, 'sampah botol, kresek, dan plastik', 'Botol plastik'),
(339, 2, 3, 3, 'Sampah makanan (jagung)', 'Sampah makanan'),
(340, 2, 2, 167, 'tulang ayam dan sisa makanan lainnya', 'Sampah makanan'),
(341, 1, 3, 1, 'Botol plastik bekas air minum kemasan', 'Botol minuman'),
(342, 2, 3, 1, '', 'Kardus'),
(343, 1, 3, 2, 'Kemasan plastik bungkus mie instan', 'Bungkus makanan'),
(344, 1, 3, 11, 'bersih-bersih setelah kedatangan tamu', 'Botol plastik'),
(345, 1, 3, 5, '2 Styrofoam lunch box, 1 paper bowl, dan 2 botol minum', 'Styrofoam'),
(346, 1, 3, 5, 'kemasan plastik bekas permen', 'Kemasan permen'),
(347, 1, 3, 1, '', 'Botol minuman'),
(348, 1, 3, 6, '', 'Plastik'),
(349, 1, 4, 2, '', 'Kertas nasi'),
(350, 1, 5, 1, 'Sampah bekas tempat makanan', 'Bungkus makanan'),
(351, 1, 3, 2, 'Sampah bekas minuman sisa acara', 'Botol minuman'),
(352, 1, 3, 5, 'sampah bekas minum selama 5 hari', 'Botol minuman'),
(353, 1, 3, 4, 'sampah bekas snack', 'Bungkus snack'),
(354, 1, 3, 3, 'air mineral 220ml', 'Botol minuman'),
(355, 2, 3, 1, 'Bungkus bekas makanan', 'Kertas nasi'),
(356, 1, 4, 5, 'Plastik bekas membungkus makanan', 'Bungkus makanan'),
(357, 2, 3, 8, 'Kardus bekas wadah barang dan hampers ', 'Kardus'),
(358, 1, 3, 9, 'Botol bekas minuman kemasan', 'Botol minuman'),
(359, 1, 3, 1, 'Botol bekas sirup abc', 'Botol kecap'),
(360, 2, 2, 50, '', 'Sampah makanan'),
(361, 1, 3, 2, '', 'Botol minuman'),
(362, 2, 4, 2, '', 'Kertas pembungkus'),
(363, 1, 3, 1, 'botol mineral 1,5L', 'Botol minuman'),
(364, 2, 5, 1, 'sampah tisu dan kapas bekas pemakaian', 'Tissue kapas'),
(365, 1, 3, 2, 'sampah kotak makanan', 'Bungkus makanan'),
(366, 1, 3, 4, 'sampah botol kaca', 'Botol kaca'),
(367, 1, 2, 24, 'kebanyakan sampah bekas makanan kemasan ', 'Bungkus makanan'),
(368, 2, 2, 53, 'kebanyakan sisa makanan yang memamng tidak digunakan atau tidak bisa dikonsumsi ', 'Sampah makanan'),
(369, 1, 3, 8, 'hari kedua di kosan after liburan', 'Plastik'),
(370, 1, 3, 5, 'Plastik untuk bungkus makanan, makanan ringan', 'Bungkus makanan'),
(371, 2, 3, 3, 'Lunch box yang sudah tidak dipakai lagi', 'Kardus'),
(372, 1, 3, 2, '', 'Botol minuman'),
(373, 1, 3, 1, '', 'Styrofoam'),
(374, 1, 3, 6, '', 'Plastik'),
(375, 2, 2, 200, 'karena ditinggal selama 2 hari menjadi basi, jadi terbuang makanan nya.', 'Sampah makanan'),
(376, 2, 2, 200, 'karena ditinggal selama 2 hari, menjadi basi maka dari itu makanan nya terbuang.', 'Sampah makanan'),
(377, 1, 3, 1, 'gelas minuman air mineral', 'Cup minuman'),
(378, 1, 3, 5, '1 botol aqua bekas 600 ml,  2 kantong kresek, 1 kotak nasi kardus, 1 plastik', 'Plastik'),
(379, 1, 3, 5, 'Bungkus sampo, bungkus makanan, kantong plastik, bungkus sambel', 'Bungkus plastik'),
(380, 1, 3, 8, 'botol plastik bekas minuman', 'Botol minuman'),
(381, 2, 3, 4, 'kertas nasi bekas makanan', 'Kertas nasi'),
(382, 1, 2, 130, 'sampah plastik bekas kresek kebab, bungkus indomie, dan kresek bekas belanjaan', 'Plastik'),
(383, 2, 4, 12, 'Hari biasa di kosan', 'Tissue'),
(384, 1, 3, 5, 'Lagi buat omlete mie', 'Bungkus makanan'),
(385, 1, 3, 2, 'sisa buah buahan ', 'Plastik mika'),
(386, 1, 5, 3, 'sampah sampah plastik yang dikumpulkan di kantong sampah ukuran sedang ', 'Plastik'),
(387, 2, 4, 7, 'Sampah tisu bekas mengelap ', 'Tissue'),
(388, 1, 3, 3, 'Sampah bekas cemilan', 'Bungkus snack'),
(389, 1, 3, 5, 'Cup bekas minuman ', 'Cup minuman'),
(390, 2, 3, 10, 'sampah organik tusuk sate 1 porsi yang terbuat dari bambu', 'Tusuk sate'),
(391, 1, 3, 3, 'Botol bekas minuman ', 'Botol minuman'),
(392, 1, 3, 2, 'Sampah bekas tempat makanan', 'Bungkus makanan'),
(393, 1, 3, 3, 'Bungkus mie', 'Plastik'),
(394, 1, 3, 2, 'plastik bekas jajanan', 'Plastik '),
(395, 2, 3, 4, 'kulit pisang', 'Kulit pisang'),
(396, 1, 3, 7, 'hasil beberes kamar', 'Plastik'),
(397, 2, 2, 420, 'sampah dari saya sakit flu', 'Tissue'),
(398, 2, 3, 1, 'kardus sandal', 'Kardus'),
(399, 1, 3, 8, 'Kemasan plastik hasil dari tempat berkumpul', 'Plastik kemasan'),
(400, 1, 3, 1, 'bungkus plastik bekas sereal', 'Bungkus snack'),
(401, 1, 3, 2, 'plastik snack', 'Bungkus snack'),
(402, 2, 3, 8, 'kardus bekas packing', 'Kardus'),
(403, 1, 3, 2, 'Botol plastik bekas bekal minum', 'Botol plastik'),
(404, 2, 2, 150, 'Nasi dan tulang ', 'Sampah makanan'),
(405, 1, 3, 4, '', 'Kresek'),
(406, 1, 4, 6, 'Makan bersama di luar', 'Kertas pembungkus'),
(407, 1, 3, 7, '', 'Cup plastik'),
(408, 2, 3, 7, 'Buat ayam', 'Kertas karton'),
(409, 2, 3, 1, 'Tatakan makan', 'Wadah makan karton'),
(410, 1, 4, 1, 'Kertas pembungkus nasi', 'Plastik nasi'),
(411, 1, 3, 3, 'Botol minum', 'Botol minuman'),
(412, 2, 2, 100, '', 'Sampah makanan'),
(413, 1, 2, 19, 'palstik bubur instan, bubble wrap, dan kemasan makanan', 'Plastik'),
(414, 2, 2, 28, 'kulit buah ', 'Kulit buah'),
(415, 2, 2, 100, 'Sampah dari bahan bahan masakan', 'Sampah makanan'),
(416, 1, 3, 4, 'Toples wafer bekas lebaran', 'Toples plastik'),
(417, 2, 3, 12, 'kulit pisang yang ada di rumah', 'Kulit buah'),
(418, 1, 3, 3, 'Streofom bekas makanan ', 'Styrofoam'),
(419, 1, 3, 9, 'terdapat 8 buah bungkus plastik dan 1 buah cup minuman', 'Bungkus plastik'),
(420, 2, 4, 30, 'kertas yg sudah menumpuk saya pilah', 'Kertas'),
(421, 1, 4, 2, 'kertas nasi ', 'Kertas nasi'),
(422, 2, 5, 1, 'sampah makanan sisa', 'Sampah makanan'),
(423, 1, 3, 15, 'sampah plastik dan kertas bekas makanan ', 'Plastik'),
(424, 1, 3, 2, 'Sterofoam bekas makanan', 'Styrofoam'),
(425, 1, 3, 5, '1 gelas plastik besar, 1 karton bungkus makanan, 1 kertas bungkus nasi, 1 kresek, 1 bungkus snack', 'Plastik'),
(426, 1, 2, 140, 'Sampah plastik dari makan siang dan makan malam', 'Plastik'),
(427, 1, 3, 4, 'plastik kresek, plastik mie, plastik bungkus makanan', 'Plastik'),
(428, 1, 3, 4, '', 'Botol minuman'),
(429, 2, 4, 23, 'mengeringkan wajah + tangan, membersihkan meja + mulut', 'Tissue'),
(430, 1, 3, 4, 'Sampah anorganik ini berasal dari bungkus makanan', 'Cup minuman'),
(431, 1, 2, 500, 'sampah bungkus makanan, karena banyak membeli makanan instan jadi banyak sampah plastik', 'Bungkus makanan'),
(432, 2, 3, 1, 'sampah bekas makan cookies', 'Kardus snack'),
(433, 1, 3, 2, 'plastik kemasan mie', 'Plastik'),
(434, 1, 3, 2, ' minuman kemasan botol ', 'Botol minuman'),
(435, 2, 2, 250, 'sampah daun kering hasil dari pohon yang di tanam di depan rumah yang terbawa angin dan berjatuhan.', 'Daun kering'),
(436, 2, 3, 4, 'cangkang telur untuk mie', 'Cangkang telur'),
(437, 2, 4, 3, 'kertas tiket nonton dan karcis parkir', 'Kertas'),
(438, 1, 3, 1, 'bungkus kemasan saori saos tiram', 'Plastik'),
(439, 1, 3, 6, '2 kresek bekas rempah-rempah 4 plastik (cengek, bawang bombay, kacang endul, leunca). 2 kresek dikarenakan tempat sayur yang di beli berbeda.', 'Plastik'),
(440, 2, 3, 3, 'kulit bekas bawang bombai', 'Kulit bawang'),
(441, 2, 4, 13, 'tisu dan kertas buram bekas kotretan', 'Kertas tissue'),
(442, 1, 3, 6, 'plastik bungkus mie,snack,permen', 'Bungkus makanan'),
(443, 1, 3, 6, 'kemasan', 'Plastik'),
(444, 1, 3, 1, 'Sampah bungkus plastik mie instan ', 'Bungkus makanan'),
(445, 2, 3, 4, 'Sampah bekas makan malam', 'Sampah makanan'),
(446, 1, 3, 1, 'Sampah bekas makan malam', 'Cup minuman'),
(447, 1, 3, 6, 'Keponakan memakan beberap permen', 'Bungkus permen'),
(448, 2, 3, 1, 'kotak biskuit bekas lebaran', 'Kardus'),
(449, 2, 3, 2, 'cangkang telur habis sarapan', 'Cangkang telur'),
(450, 1, 3, 1, 'pelastik beras berukuran 5 kg', 'Plastik'),
(451, 2, 3, 3, 'Bungkus Makanan', 'Kertas nasi'),
(452, 1, 3, 5, 'Botol bekas air ', 'Botol minuman'),
(453, 1, 3, 5, 'sampah bungkus makanan keripik', 'Bungkus makanan'),
(454, 1, 3, 14, 'Sampah +- 1 minggu di kosan', 'Plastik'),
(455, 2, 3, 1, 'cangkang buah naga', 'Kulit buah'),
(456, 2, 4, 2, 'kertas nasi', 'Kertas nasi'),
(457, 1, 3, 2, 'kantong plastik', 'Plastik'),
(458, 1, 3, 1, 'botol plastik 1500 ml', 'Botol minuman'),
(459, 2, 4, 14, 'tissue untuk mengeringkan wajah dan lain-lain ', 'Tissue'),
(460, 2, 3, 2, 'bekas kemasan kotak dus kue  lapis', 'Kardus'),
(461, 2, 2, 200, 'sampah sisa makanan (tulang,nasi)', 'Sampah makanan'),
(462, 2, 3, 3, 'cangkang telur bekas masak', 'Cangkang telur'),
(463, 1, 2, 44, 'sampah plastik, kresek, mangkok plastik', 'Plastik'),
(464, 2, 2, 17, 'sisa sayuran ', 'Sampah makanan'),
(465, 1, 4, 2, 'sampah bekas bungkus makanan', 'Bungkus makanan'),
(466, 1, 3, 15, 'Sampah plastik, bungkus mie, bungkus sabun, bungkus sampo, tisu', 'Bungkus makanan'),
(467, 1, 3, 6, 'Plastik bekas kopi', 'Plastik'),
(468, 1, 3, 31, 'Plastik bekas sabun cuci dan pewangi', 'Plastik'),
(469, 1, 3, 2, 'Botol minuman', 'Botol minuman'),
(470, 1, 3, 10, '', 'Plastik'),
(471, 1, 3, 2, '', 'Botol minuman'),
(472, 1, 3, 5, '', 'Botol'),
(473, 1, 3, 2, 'botol minuman', 'Botol minuman'),
(474, 1, 3, 2, 'bungkus permen', 'Bungkus permen'),
(475, 2, 5, 1, 'sisa makanan', 'Sampah makanan'),
(476, 1, 3, 1, 'bungkus snack', 'Bungkus snack'),
(477, 1, 3, 1, 'botol plastik bekas minuman', 'Botol plastik'),
(478, 2, 3, 4, 'cangkang telur', 'Cangkang telur'),
(479, 1, 3, 1, 'sampah minuman kemasan sachet', 'Kemasan sachet minuman'),
(480, 2, 3, 2, 'kulit pisang', 'Kulit pisang'),
(481, 2, 4, 10, 'tisu ', 'Tissue'),
(482, 2, 4, 5, 'tisu', 'Tissue'),
(483, 1, 3, 10, 'Sampah plastik berasal dari bungkusan kue', 'Bungkus makanan'),
(484, 2, 3, 5, 'bungkus(berupa kertas) bekas roti ', 'Kertas'),
(485, 1, 3, 5, 'Bungkus plastik bekas kue-kue', 'Plastik'),
(486, 1, 3, 5, 'plastik kresek', 'Plastik'),
(487, 2, 3, 1, 'kemasan kardus minuman teh kotak', 'Kardus minuman'),
(488, 1, 3, 1, 'kemasan botol pelastik minuman mogu mogu', 'Botol minuman'),
(489, 1, 3, 2, 'kresek seblak dan kresek indomaret', 'Plastik'),
(490, 1, 3, 1, 'pelastik bungkus seblak', 'Plastik'),
(491, 1, 1, 3, 'sampah daur ulang dari kemarin', 'Sampah daur ulang'),
(492, 1, 3, 5, '-', 'Botol plastik'),
(493, 1, 3, 2, 'Sampah plastik bungkus mie instan ', 'Bungkus makanan'),
(494, 1, 2, 8, 'plastik makanan', 'Bungkus makanan'),
(495, 2, 2, 23, 'sisa sayuran', 'Sampah sisa sayuran'),
(496, 1, 3, 2, 'botol bekas air mineral', 'Botol minuman'),
(497, 1, 3, 1, '', 'Botol minuman'),
(498, 1, 3, 1, 'sampah bungkus makanan', 'Bungkus makanan'),
(499, 2, 3, 20, 'Tusuk sate bekas makan siang', 'Tusuk sate'),
(500, 2, 2, 200, 'sampah sisa kupas buah buahan', 'Kulit buah'),
(501, 1, 3, 4, 'sampah minuman botol', 'Botol minuman'),
(502, 1, 3, 3, '', 'Botol'),
(503, 1, 3, 2, 'gelas plastik bekas minuman', 'Cup minuman'),
(504, 2, 3, 3, 'Sampah bungkus makanan', 'Kertas nasi'),
(505, 1, 3, 13, 'Sampah tisu, sterofom bubur, sampah plastik', 'Bungkus makanan'),
(506, 2, 3, 2, 'Sampah bekas makan tadi', 'Kulit buah'),
(507, 1, 3, 1, 'Sampah bekas minuman energen', 'Bungkus sachet'),
(508, 1, 3, 1, '', 'Kaleng minuman'),
(509, 1, 3, 3, '', 'Botol minuman'),
(510, 1, 4, 5, 'Bekas sampah kertas nasi', 'Kertas nasi'),
(511, 2, 3, 6, 'kertas nasi bekas makan', 'Kertas nasi'),
(512, 1, 3, 1, 'Toples makanan bekas lebaran', 'Toples makanan'),
(513, 1, 3, 3, 'kresek, dan plastik bekas makan kupat tahu', 'Plastik'),
(514, 2, 3, 2, 'kertas nasi bekas kupat tahu di pagi hari', 'Kertas nasi'),
(515, 2, 3, 2, 'kardus kemasan makanan gacoan', 'Kardus'),
(516, 2, 3, 2, 'bungkus kertas', 'Bungkus kertas'),
(517, 1, 3, 3, 'kotak fried chicken + tatakan minuman', 'Wadah makanan'),
(518, 1, 3, 2, 'cup ice cream', 'Cup'),
(519, 1, 3, 2, 'cup kertas minuman', 'Cup kertas'),
(520, 1, 4, 2, 'bungkus nasi', 'Bungkus nasi'),
(521, 2, 4, 29, 'tissue', 'Tissue'),
(522, 2, 3, 1, 'cangkang telur', 'Cangkang telur'),
(523, 1, 4, 2, 'kertas nasi', 'Kertas nasi'),
(524, 1, 3, 2, 'gelas plastik bekas buah potong dan kopi', 'Cup minuman'),
(525, 1, 3, 3, 'kantong kresek', 'Plastik'),
(526, 2, 4, 18, 'tissue wajah untuk lap wajah dan lain lain', 'Tissue'),
(527, 1, 3, 1, 'gelas plastik bekas kopi', 'Cup minuman'),
(528, 1, 3, 3, 'kemasan chiki potato q', 'Bungkus makanan'),
(529, 1, 2, 132, 'sampah bekas makan hari ini', 'Plastik'),
(530, 2, 1, 1, 'sampah makanan', 'Sampah makanan'),
(531, 2, 3, 4, '4 tusuk sate kecil bekas makan cilung', 'Tusuk sate'),
(532, 1, 3, 4, '2 plastik bening ukuran 10 x 20cm dan 2 keresek berukuran sedang ', 'Plastik'),
(533, 2, 4, 7, 'tisu', 'Tissue'),
(534, 1, 3, 1, 'botol minuman', 'Botol minuman'),
(535, 2, 3, 2, 'cangkang telur', 'Cangkang telur'),
(536, 2, 4, 2, 'kertas', 'Kertas'),
(537, 2, 3, 3, 'cangkang telor', 'Cangkang telur'),
(538, 2, 4, 18, 'tissue', 'Tissue'),
(539, 1, 3, 2, 'botol plastik ', 'Botol plastik'),
(540, 1, 3, 1, 'bungkus creambarth', 'Bungkus creambarth'),
(541, 1, 3, 1, 'bungkus mie goreng', 'Bungkus makanan'),
(542, 2, 3, 1, 'Bungkus Makanan', 'Kertas nasi'),
(543, 1, 3, 11, 'bekas beli minuman ', 'Botol minuman'),
(544, 1, 2, 16, 'bubble wrap, plastik, botol minuman', 'Plastik'),
(545, 2, 2, 337, 'sisa nasi, sayur, tulang ayam', 'Sampah makanan'),
(546, 2, 3, 8, '', 'Kulit buah'),
(547, 1, 3, 2, 'bekas minuman botol', 'Botol minuman'),
(548, 1, 3, 8, 'Plastik bekas membungkus makanan', 'Plastik'),
(549, 1, 3, 10, 'Plastik bekas makanan', 'Plastik'),
(550, 2, 2, 120, 'Sampah organik sehabis makan siang', 'Sampah makanan'),
(551, 1, 3, 7, 'Bungkus indomie, bungkus plastik, tisu', 'Bungkus plastik'),
(552, 2, 2, 30, 'sampah paket (kardus , bubblewrap)', 'Sampah paket'),
(553, 2, 3, 10, 'sampah organik tusuk sate yang terbuat dari bambu', 'Tusuk sate'),
(554, 1, 3, 14, 'Botol air mineral, kopi, dan isotonik', 'Botol plastik'),
(555, 1, 3, 8, '1 sterofoam, 1 sendok plastik, 1 botol plastik, 3 kresek, 1 bungkus roti, 1 plastik', 'Plastik'),
(556, 2, 2, 63, 'sisa buah', 'Sampah sisa buah'),
(557, 1, 2, 17, 'kresek, plastik botol', 'Botol plastik'),
(558, 1, 3, 1, 'botol kaca uc100', 'Botol minuman'),
(559, 2, 2, 100, 'sampah sisa makan (tulang dll)', 'Sampah makanan'),
(560, 1, 3, 1, 'Kemasan pelastik Indomie', 'Plastik'),
(561, 2, 3, 1, 'Cangkang telur sehabis masak mie Instan', 'Cangkang telur'),
(562, 1, 3, 4, 'sampah wadah skincare yang habiss', 'Bekas skincare'),
(563, 1, 3, 1, 'Kemasan pelastik minuman Antre Susu', 'Plastik'),
(564, 1, 3, 7, 'Styrofoam, akumulasi dengan hari-hari sebelumnya', 'Styrofoam'),
(565, 1, 3, 4, 'Botol plastik minuman, akumulasi dengan hari sebelumnya', 'Botol minuman'),
(566, 1, 3, 2, 'Cup plastik bekas minuman', 'Cup minuman'),
(567, 1, 2, 127, 'Anorganik (pembungkus snack, bungkus kopi sachet, dan botol plastik)', 'Bungkus makanan'),
(568, 1, 3, 2, 'Styrofoam bekas makanan', 'Styrofoam'),
(569, 1, 3, 6, 'kantong plastik', 'Plastik'),
(570, 2, 3, 26, 'tusuk sate', 'Tusuk sate'),
(571, 1, 3, 3, 'Sampah dari paket barang', 'Bubble wrap'),
(572, 2, 3, 7, 'hasil bersih-bersih lemari', 'Kardus'),
(573, 2, 2, 117, 'sisa makan malam', 'Sampah makanan'),
(574, 2, 4, 4, 'Sampah bekas mengelap tangan', 'Tissue'),
(575, 1, 3, 2, 'Sampah bekas bungkus makanan', 'Plastik'),
(576, 2, 1, 1, 'sampah makanan', 'Sampah makanan'),
(577, 1, 3, 4, 'sampah makanan dan kesek makanan', 'Plastik'),
(578, 1, 3, 12, '', 'Gelas plastik'),
(579, 1, 3, 1, 'Bungkus makanan', 'Styrofoam'),
(580, 2, 3, 2, 'Wadah makanan yang terbuat dari kardus', 'Bungkus kardus'),
(581, 1, 3, 3, 'botol minum air mineral', 'Botol minuman'),
(582, 1, 3, 1, 'bekas makan ricebowl', 'Bungkus makanan'),
(583, 1, 2, 38, 'sampah plastik, botol', 'Plastik'),
(584, 2, 2, 69, 'sisa nasi, kulit buah', 'Sampah makanan'),
(585, 1, 3, 3, 'Bekas tempat makan', 'Bungkus makanan'),
(586, 1, 3, 7, 'Bekas Ricebowl Odeng', 'Cup ricebowl'),
(587, 1, 3, 5, 'sampah bekas makan siang (paper bowl, botol aqua,sterofoam,plastik)', 'Bungkus makanan'),
(588, 1, 3, 6, 'Botol bekas minuman', 'Botol minuman'),
(589, 1, 2, 115, 'Bekas makanan hari ini', 'botol plastik'),
(590, 2, 2, 115, 'Bekas makanan hari ini', 'Paperbowl'),
(591, 1, 3, 4, 'Sampah botol plastik', 'Plastik'),
(592, 2, 3, 2, 'sampah bekas membungkus makanan instan', 'Dus makanan'),
(593, 1, 3, 17, 'Sampah tisu, plastik, bungkus mie, bungkus sabun cuci', 'Bungkus plastik'),
(594, 1, 3, 3, 'Plastik kemasan makanan kue', 'Bungkus makanan'),
(595, 1, 3, 4, 'kemasan plastik bungkus makanan', 'Kemasan plastik'),
(596, 1, 3, 6, 'sampah di kosan', 'Plastik'),
(597, 1, 3, 4, 'sampah di kos', 'Plastik'),
(598, 1, 3, 4, 'Terdapat 3 botol air minum dan 1 kaleng kopi', 'Botol minuman'),
(599, 1, 3, 2, 'botol plastik', 'Botol plastik'),
(600, 1, 3, 1, 'cup plastik ', 'Cup plastik'),
(601, 1, 3, 2, 'botol minuman', 'Botol minuman'),
(602, 1, 3, 6, 'plastik gorengan', 'Plastik'),
(603, 2, 4, 36, 'Hari biasa', 'Tissue'),
(604, 2, 3, 1, 'cangkang telur', 'Cangkang telur'),
(605, 2, 4, 28, 'tissue di pake ngebersihin jus tumpah di baju dll (tidak ada lap kain)', 'Tissue'),
(606, 2, 3, 6, 'cemilan sore', 'Kulit buah'),
(607, 2, 5, 1, 'tisu dan kapas bekas pemakaian', 'Tissue'),
(608, 1, 3, 3, '', 'Botol minuman'),
(609, 1, 3, 6, '', 'Plastik'),
(610, 1, 3, 9, 'bekas botol air le mineral', 'Botol minuman'),
(611, 2, 3, 7, '', 'Kulit buah'),
(612, 2, 3, 3, '', 'Kulit buah'),
(613, 1, 3, 2, 'botol minuman', 'Botol plastik'),
(614, 1, 3, 1, 'styrofoam box makanan', 'Styrofoam'),
(615, 1, 3, 2, 'sampah paket (box kardus + bubblewrap)', 'Sampah paket'),
(616, 2, 2, 107, 'sampah tulang ayam, tulang ikan, buah', 'Sampah makanan'),
(617, 1, 2, 42, 'sampah plastik, sampah botol plastik', 'Plastik'),
(618, 1, 3, 3, 'bekas tempat ice cream', 'Plastik'),
(619, 1, 3, 4, '', 'Botol'),
(620, 1, 3, 4, '', 'Plastik'),
(621, 1, 3, 1, '', 'Kaleng'),
(622, 1, 3, 2, 'Sampah plastik dari perlengkapan alat tulis', 'Plastik'),
(623, 1, 3, 1, 'botol pastik minuman kemasan', 'Botol minuman'),
(624, 1, 3, 5, 'Botol Susu, minuman isotonik dan kopi', 'Botol plastik'),
(625, 1, 3, 1, '1 buah styrofoam ', 'Styrofoam'),
(626, 1, 3, 3, 'bungkus dari bahan-bahan masakan', 'Bungkus makanan'),
(627, 1, 1, 4, 'sampah dari kemarin', 'Sampah biasa'),
(628, 1, 3, 3, '2 kertas nasi kuning, 1 kertas nasi katsu', 'Kertas nasi'),
(629, 1, 3, 3, 'bungkus kresek nasi kuning dan krupuk', 'Plastik'),
(630, 3, 3, 1, 'sampah kemasan detergen', 'Plastik'),
(631, 1, 3, 2, 'sampah bungkus makanan', 'Plastik'),
(632, 2, 3, 3, 'sampah makanan tadi siang', 'Kardus'),
(633, 2, 2, 100, 'sampah rumahan', 'Tisu'),
(634, 2, 2, 100, 'sampah buah jambu yg jatuh di halaman rumah', 'Buah'),
(635, 1, 3, 2, 'sampah bekas minuman', 'Botol minuman'),
(636, 2, 2, 500, ' sampah buah jambu yg jatuh di halaman rumah', 'Buah'),
(637, 1, 4, 10, 'sampah bekas acara ', 'Benang'),
(638, 1, 3, 5, 'sampah rumahan bungkus makanan', 'Paper cup'),
(639, 1, 1, 1, 'sampah anorganik rumah tangga', 'Sampah rumah'),
(640, 1, 3, 1, 'botol minuman air mineral', 'Botol minuman'),
(641, 1, 3, 2, 'styrofoam box', 'Styrofoam'),
(642, 1, 4, 30, 'sampah kertas bekas pemakaian', 'Kertas'),
(643, 1, 2, 44, 'sampah plastik,  kresek, botol minuman', 'Plastik'),
(644, 2, 2, 175, 'Sampah kulit udang, sisa sayur', 'Sampah makanan'),
(645, 1, 5, 3, 'Sampah-sampah kecil kemudian di masukan ke kantong keresek dengan ukuran lumayan besar', 'Sampah kecil'),
(646, 1, 3, 12, 'Plastik sampah, sterofoam bubur, tisu', 'Bungkus makanan'),
(647, 2, 1, 1, 'Sisa makanan pada saat siang hari', 'Sampah makanan'),
(648, 2, 2, 100, 'sampah sisa memotong sayur', 'Sampah makanan'),
(649, 2, 4, 3, 'Sampah bekas mengelap tangan', 'Tissue'),
(650, 1, 3, 1, 'Sampah bekas minuman energen', 'Bungkus sachet'),
(651, 1, 3, 1, 'botol le mineral 1,5L', 'Botol minuman'),
(652, 1, 3, 1, '17 April, teman berkunjung ke kos', 'Kaleng minuman'),
(653, 1, 3, 22, '17 April', 'Plastik'),
(654, 1, 3, 4, '17 April', 'Plastik'),
(655, 1, 2, 5, 'sampah plastik bungkus makanan', 'Bungkus makanan'),
(656, 1, 2, 124, 'Sampah bekas makanan hari ini', 'Sampah plastik'),
(657, 2, 2, 124, 'Sampah bekas makanan hari ini', 'Kotak minuman'),
(658, 1, 3, 2, 'Cup plastik bekas minuman', 'Plastik'),
(659, 1, 2, 23, 'palstik dan botol plastik', 'Botol plastik'),
(660, 2, 2, 94, 'Kulit udang, sisa sayuran', 'Sampah makanan'),
(661, 2, 2, 200, 'Sampah organik bekas makanan tulang ayam', 'Sampah makanan'),
(662, 1, 3, 11, 'botol minuman', 'Botol minuman'),
(663, 2, 4, 41, 'tisu', 'Tissue'),
(664, 2, 5, 1, 'tulang ayam', 'Sampah makanan'),
(665, 1, 3, 1, 'bungkus makanan ringan', 'Bungkus makanan'),
(666, 2, 3, 5, 'cangkang telur', 'Cangkang telur'),
(667, 2, 5, 1, 'sisa makanan', 'Sampah makanan'),
(668, 2, 2, 214, 'sampah cemilan malam', 'Sampah makanan'),
(669, 1, 3, 3, 'Plastik makanan', 'Plastik'),
(670, 2, 3, 3, 'Sampah bekas makan pagi', 'Sampah makanan'),
(671, 1, 3, 2, 'Sampah bekas minuman tadi sore', 'Cup minuman'),
(672, 1, 3, 13, 'Plastik bekas makanan', 'Plastik'),
(673, 3, 3, 3, 'Botol bekas deterjen cair dan pewangi', 'Botol detergen'),
(674, 1, 3, 10, 'sampah plastik (yupi, snack, dan kresek gorengan)', 'Sampah makanan'),
(675, 2, 3, 2, 'Kardus bekas paket', 'Kardus'),
(676, 2, 3, 5, 'cangkang telur', 'Cangkang telur'),
(677, 2, 4, 16, 'tissue', 'Tissue'),
(678, 1, 3, 2, 'botol plastik', 'Botol plastik'),
(679, 1, 3, 1, 'kotak susu', 'Kotak susu'),
(680, 1, 3, 7, 'Bekas minuman kemasan yang dikumpulkan', 'Botol minuman'),
(681, 1, 3, 1, 'kresek pelastik ', 'Plastik'),
(682, 1, 3, 1, 'botol pelastik', 'Botol minuman'),
(683, 2, 3, 1, '', 'Kardus'),
(684, 2, 4, 13, '', 'Tisu'),
(685, 1, 3, 5, 'Kertas nasi bekas bungkus makanan', 'Kertas nasi'),
(686, 1, 3, 8, 'Streofom bekas makanan, akumulasi hari sebelumnya dan ada teman berkunjung ke kos', 'Styrofoam'),
(687, 1, 3, 6, 'Cup bekas minuman, akumulasi dengan hari sebelumnya dan ada teman berkunjung ke kos', 'Cup minuman'),
(688, 1, 3, 7, 'botol bekas minuman, akumulasi dengan hari sebelumnya dan ada teman berkunjung ke kos', 'Botol minuman'),
(689, 2, 1, 2, 'sampah daun2an', 'Daun daunan'),
(690, 1, 3, 5, '3 botol plastil 220 ml & 2 botol plastik 500ml', 'Botol minuman'),
(691, 2, 5, 6, 'kardus bekas paket ', 'Kardus'),
(692, 2, 3, 5, '5 buah sampah dua bekas minuman', 'Minuman kemasan'),
(693, 1, 2, 115, 'sampah bekas makan hari ini', 'Bungkus makanan'),
(694, 1, 3, 1, 'Botol plastik bekas minuman', 'Botol minuman'),
(695, 1, 3, 2, 'Streofom bekas makanan', 'Styrofoam'),
(696, 1, 2, 5, 'sampah bungkus makanan', 'Bungkus makanan'),
(697, 1, 3, 6, 'Plastik cup dari minuman dan plastik pembungkus makanan', 'Plastik'),
(698, 1, 3, 3, '1 kemasan botol pelastik teh pucuk, 1 kemasan pelastik, cemilan pilus, 1 kemasan pelastik cemilan lidi-lidi', 'Botol plastik'),
(699, 2, 3, 3, 'Cangkang telur', 'Cangkang telur'),
(700, 1, 3, 1, 'cup styrofoam bekas popmie', 'Styrofoam'),
(701, 1, 3, 4, '', 'Botol plastik'),
(702, 2, 2, 245, 'Sampah bekas kegiatan hari ini', 'Sampah organik'),
(703, 1, 2, 245, 'Sampah bekas kegiatan hari ini', 'Sampah plastik'),
(704, 1, 3, 2, 'Sampah bekas pembungkus makanan', 'Styrofoam'),
(705, 1, 3, 3, 'sampah bekas makanan', 'Bungkus makanan'),
(706, 2, 3, 2, 'kardus bekas skincare', 'Kardus Skincare'),
(707, 2, 3, 1, 'Sampah bekas sebuah paket', 'Kardus'),
(708, 1, 3, 1, 'Sampah bekas minum tadi malam', 'Botol minuman'),
(709, 1, 3, 6, '', 'Plastik'),
(710, 1, 1, 2, 'sampah daur ulang', 'Sampah daur ulang'),
(711, 1, 3, 2, 'Sampah anorganik kemasan makanan dari kardus', 'Bungkus makanan'),
(712, 1, 3, 2, 'botol le mineral ukuran 600 ml', 'Botol minuman'),
(713, 1, 3, 3, 'Paperbox bekas makanan', 'Paperbox'),
(714, 2, 3, 1, 'kotak bekas susu ', 'Kemasan kardus'),
(715, 1, 2, 6, 'sampah plastik dan kaleng minuman', 'Plastik'),
(716, 1, 3, 1, 'cup minuman', 'Cup minuman'),
(717, 1, 2, 142, 'plastik, botol kaca, bubble wrap', 'Plastik'),
(718, 1, 3, 1, 'kotak plastik bekas buah', 'Bungkus makanan'),
(719, 2, 4, 10, 'tissue', 'Tisu'),
(720, 2, 2, 39, 'Sisa buah dan sayur', 'Sampah makanan'),
(721, 1, 3, 2, 'Sampah berasal dari wadah makanan dari luar', 'Kresek'),
(722, 2, 3, 2, 'Sampah bekas makan malam', 'Sampah makanan'),
(723, 1, 3, 3, 'botol bekas minuman', 'Botol minuman'),
(724, 2, 3, 1, 'sampah rempah\" bekas membuat jamu', 'Sampah rempah'),
(725, 1, 3, 3, 'Bungkus Makanan', 'Plastik'),
(726, 2, 3, 2, 'kardus kemasan makanan', 'Kemasan kardus'),
(727, 1, 3, 1, 'botol air mineral ', 'Botol minuman'),
(728, 2, 2, 67, 'Sampah sayuran , sampah buah , sisa makanan', 'Sampah makanan'),
(729, 1, 3, 1, 'styrofoam box makanan', 'Styrofoam'),
(730, 1, 2, 43, 'tissue, plastik, botol plastik', 'Botol plastik'),
(731, 1, 3, 11, '', 'Botol'),
(732, 1, 3, 2, '', 'Gelas plastik'),
(733, 1, 5, 1, 'berisi bekas sendok dan gelas plastik', 'Alat makan plastik'),
(734, 1, 3, 6, 'bekas makanan ringan', 'Bungkus snack'),
(735, 1, 3, 3, 'Sampah bekas pembungkus makanan', 'Kertas nasi'),
(736, 1, 2, 540, 'snack hari ini dan packaging paket hari ini', 'Sampah anorganik'),
(737, 2, 2, 540, 'snack hari ini dan packaging paket hari ini', 'Packaging paket'),
(738, 1, 3, 5, '', 'Plastik'),
(739, 1, 3, 5, 'Streofom bekas makan, akumulasi dengan hari sebelumnya ', 'Styrofoam'),
(740, 1, 3, 6, 'Botol bekas air mineral', 'Botol plastik'),
(741, 2, 4, 15, 'kertas yg sudahh tidak terpakaii', 'Kertas'),
(742, 1, 3, 8, 'sampah anorganik kemasan makanan', 'Bungkus makanan'),
(743, 1, 2, 64, 'tissue, botol yakult ,plastik,kresek', 'Plastik'),
(744, 2, 2, 34, 'Sisa sayuran,sisa buah', 'Sampah makanan'),
(745, 1, 3, 1, 'sampah kecil kecil dikumpulkan dalam satu kantok plastik yang lebih besar', 'Plastik'),
(746, 1, 3, 4, 'Cup plastik bekas minuman', 'Cup minuman'),
(747, 2, 2, 265, '', 'Sampah makanan'),
(748, 2, 3, 1, 'bungkus nasi', 'Bungkus kertas'),
(749, 1, 3, 4, 'plastik bekas jajanan', 'Plastik'),
(750, 1, 3, 3, 'gelas plastik bekas minuman', 'Cup minuman'),
(751, 1, 3, 4, 'sampah cemilan', 'Kemasan makanan'),
(752, 2, 5, 1, 'nasi dan tulang', 'Sampah makanan'),
(753, 1, 3, 4, '', 'Plastik'),
(754, 1, 3, 5, '', 'Gelas plastik'),
(755, 1, 3, 2, '', 'Botol plastik'),
(756, 1, 3, 3, '2 botol le mineral dan 1 botol kaleng kopi dalam beberapa hari', 'Botol minuman'),
(757, 2, 1, 1, 'Sisa-sisa makanan dari rumah hingga pagi - sore', 'Sampah makanan'),
(758, 1, 2, 114, 'sampah minuman hari ini', 'Cup minuman'),
(759, 1, 3, 3, 'plastik bekas mie', 'Plastik'),
(760, 2, 4, 5, 'tissue bekas', 'Tisu'),
(761, 1, 3, 3, 'gelas plastik bekas tamu', 'Cup minuman'),
(762, 1, 3, 1, 'sampah bungkus mi instan', 'Kemasan plastik'),
(763, 1, 3, 5, 'plastik belanjaan', 'Plastik'),
(764, 2, 3, 1, 'tulang ayam', 'Sampah makanan'),
(765, 1, 3, 6, '', 'Plastik'),
(766, 1, 3, 5, '', 'Plastik'),
(767, 1, 3, 3, '2 plastik kresek dan 1 plastik air botol mineral', 'Plastik'),
(768, 1, 2, 34, 'sampah plastik, botol minuman', 'Plastik'),
(769, 2, 2, 57, 'Sampah sisa makanan, sisa nasi ,sisa buah', 'Sampah makanan'),
(770, 1, 3, 13, '', 'Plastik'),
(771, 2, 3, 1, '', 'Kardus'),
(772, 2, 4, 4, '', 'Tissue'),
(773, 1, 3, 7, 'Sampah sehabis bepergian', 'Botol minuman'),
(774, 1, 3, 4, 'plastik bekas makanan', 'Bungkus makanan'),
(775, 2, 3, 1, 'kotak kardus makanan', 'Kardus'),
(776, 2, 4, 20, 'bekas coretan hitungan soal ', 'Kertas'),
(777, 1, 3, 3, '', 'Kaleng'),
(778, 1, 3, 2, '1 buah botol minuman dan 1 kaleng minuman', 'Botol minuman'),
(779, 2, 3, 1, '1 tongkol jagung', 'Bekas jagung'),
(780, 1, 3, 2, 'Sampah sampah kecil yang dikumpulkan di kantong plastik yang lebih besar ', 'Plastik'),
(781, 1, 3, 5, 'Kresek plastik dari supermarket', 'Kresek'),
(782, 1, 2, 224, 'sampah bekas hari ini', 'Botol'),
(783, 2, 2, 224, 'sampah bekas hari ini', 'Sampah makanan'),
(784, 2, 2, 164, 'Sisa tulang ayam, sayur dan buah', 'Kresek plastik'),
(785, 1, 2, 54, 'tissue, plaatik,kresek', 'Styrofoam'),
(786, 1, 3, 10, 'Streofom bekas makanan, akumulasi dengan hari sebelumnya dan ada teman berkunjung ke kos', 'Bungkus makanan'),
(787, 1, 3, 1, 'Sampah bekas bikin mie tadi malam', 'Tusuk sate'),
(788, 2, 3, 15, 'Tusuk sate', 'Botol minuman'),
(789, 1, 3, 6, 'Botol bekas minuman, akumulasi dengan hari sebelumnya', 'Bungkus kue'),
(790, 1, 3, 2, 'Plastik bekas kue', 'Kertas nasi'),
(791, 2, 3, 3, 'Kertas nasi, sampah hari sebelumnya', 'Plastik'),
(792, 1, 3, 5, '', 'Stik kayu'),
(793, 2, 3, 1, '', 'Botol plastik'),
(794, 1, 3, 40, 'Akumulasi 1 minggu sampah yang dikumpulkan di trashbag khusus yang telah terpilah untuk laporan tugas ini. terdiri dari botol air mineral, kopi dan isotonik', 'Botol plastik'),
(795, 1, 3, 2, 'botol plastik le mineral', 'Botol');
INSERT INTO `jenis_sampah_multivalue` (`id_multivalue`, `id_jenis`, `id_satuan`, `jumlah`, `keterangan`, `nama_subjenis`) VALUES
(796, 1, 2, 160, 'sampah bekas makanan hari ini dan kertas tidak terpakai', 'Sampah plastik'),
(797, 2, 2, 160, 'sampah bekas makanan hari ini dan kertas tidak terpakai', 'Sampah bekas makan'),
(798, 1, 3, 1, 'botol air mineral', 'Botol minuman'),
(799, 1, 3, 1, 'styrofoam box bekas makanan', 'Styrofoam'),
(800, 1, 3, 12, 'Plastik bekas makanan', 'Plastik'),
(801, 2, 3, 1, 'Karung bekas beras', 'Karung beras'),
(802, 2, 4, 10, 'Sampah bekas pembungkus makanan', 'Daun pisang'),
(803, 2, 3, 3, 'Kertas nasi bekas makanan', 'Kertas nasi'),
(804, 2, 3, 10, 'Tusuk sate ', 'Tusuk sate'),
(805, 1, 3, 1, 'Botol minum plastik ', 'Botol minuman'),
(806, 1, 3, 1, 'Kemasan makanan styrofoam', 'Styrofoam makanan'),
(807, 1, 3, 6, '', 'Plastik'),
(808, 1, 3, 2, 'Sampah bekas minuman', 'Plastik'),
(809, 1, 3, 187, '', 'Plastik'),
(810, 1, 3, 7, 'Sampah bekas membeli makanan dari luar', 'Plastik'),
(811, 1, 4, 1, 'Sampah bekas makanan nasi kuning', 'Kertas nasi'),
(812, 1, 3, 1, 'Sampah bekas minum tadi siang', 'Botol minuman'),
(813, 1, 3, 12, 'Sampah plastik', 'Plastik'),
(814, 1, 3, 7, 'hasil beli lauk dari luar', 'Plastik'),
(815, 1, 3, 4, 'Styrofoam bekas makanan, akumulasi dengan hari kemarin', 'Styrofoam'),
(816, 1, 3, 4, '3 minuman kaleng dan 1 botol air mineral (sampah dalam 2 hari)', 'Kaleng minuman'),
(817, 1, 3, 3, 'bekas bungkus permen ', 'Bungkus permen'),
(818, 1, 3, 4, '1 buah botol minum kemasan, 2 kresek dan 1 Styrofoam wadah makanan', 'Botol minuman'),
(819, 1, 2, 140, 'sampah hari ini', 'Bungkus makanan'),
(820, 1, 3, 2, '', 'Botol minuman'),
(821, 1, 3, 5, '', 'Plastik'),
(822, 1, 3, 2, 'Sampah bekas pembungkus makanan', 'Plastik'),
(823, 2, 4, 4, 'sampah bungkus makanan', 'Kertas'),
(824, 1, 3, 3, 'sampah bekas minuman', 'Botol minuman'),
(825, 2, 4, 4, 'sampah bungkus makanan', 'Daun pisang'),
(826, 1, 3, 2, 'sampah kaleng makanan', 'Kaleng'),
(827, 3, 3, 1, 'sampah bekas pembersih pakaian', 'Botol detergen'),
(828, 1, 3, 4, 'sampah bekas keperluan kerajinan orang rumah', 'Styrofoam'),
(829, 1, 3, 2, 'sampah bekas pemakaian', 'Kemasan pasta gigi'),
(830, 2, 2, 100, 'sampah makanan sisa', 'Sampah makanan'),
(831, 2, 2, 250, 'sampah kulit buah mangga', 'Kulit buah'),
(832, 2, 3, 1, 'sampah bekas pembelian online', 'Kardus'),
(833, 2, 4, 5, 'sampah bekas melapisi sesuatu yg basah', 'Koran'),
(834, 1, 3, 1, 'sampah bekas kemasan sabun muka', 'Botol minuman'),
(835, 1, 3, 2, 'sampah bekas minuman seperti susu', 'Kemasan karton'),
(836, 2, 2, 36, 'sampah bekas telur kupas', 'Cangkang telur'),
(837, 1, 3, 2, '', 'Plastik'),
(838, 2, 1, 1, 'Sisa makanan dari pagi hingga siang hari', 'Sampah makanan'),
(839, 1, 2, 150, 'sampah bekas makan hari ini', 'Botol minuman'),
(840, 2, 3, 2, 'sampah bekas bungkus barang', 'Kardus'),
(841, 2, 1, 0.5, 'Saat membersihkan halaman rumah', 'Daun kering'),
(842, 2, 4, 5, 'Sampah bekas mengelap makanan', 'Tissue'),
(843, 1, 3, 3, 'Sampah bekas cemilan tadi siang', 'Bungkus snack'),
(844, 1, 2, 246, 'Sampah makanan hari ini', 'Sedotan'),
(845, 2, 3, 5, 'Lunch box paper bekas makan', 'Lunch box paper'),
(846, 1, 3, 2, 'Styrofoam bekas makanan', 'Styrofoam'),
(847, 2, 3, 3, 'Lunch box paper bekas makanan, sampah hari kemarin ', 'Lunch box paper'),
(848, 2, 2, 213, 'Tulang ayam, sampah hari kemarin ', 'Sampah makanan'),
(849, 1, 3, 23, 'Sampah plastik, bungkus makanan', 'Bungkus makanan'),
(850, 2, 2, 250, 'sampah dari pohon yang berjatuhan', 'Daun kering'),
(851, 1, 3, 5, 'Sampah bekas pembungkus makanan', 'Plastik '),
(852, 2, 3, 2, 'Sampah bekas makanan tadi siang', 'Sampah makanan'),
(853, 1, 3, 1, 'Sampah bekas wadah makanan', 'Bungkus plastik'),
(854, 1, 3, 3, 'Cup plastik bekas minuman', 'Cup minuman'),
(855, 2, 3, 7, 'kertas nasi', 'Kertas nasi'),
(856, 1, 3, 11, 'Botol bekas air mineral', 'Botol air minum'),
(857, 1, 3, 3, 'sampah bekas dus makanan', 'Dus makanan'),
(858, 1, 3, 1, 'Kemasan Kotak Kardus', 'Kotak kardus'),
(859, 1, 3, 1, 'Bungkus makanan', 'Bungkus makanan'),
(860, 2, 3, 1, 'Sampah dari rumah', 'Kardus'),
(861, 3, 3, 2, 'Sampah bekas sisa baterai remote', 'Baterai'),
(862, 1, 3, 1, 'Sampah bekas bungkus makanan', 'Cup minuman'),
(863, 1, 3, 3, '2 botol 250 ml, 1 botol 1000ml', 'Botol'),
(864, 1, 3, 2, 'Botol minuman plastik', 'Botol minuman'),
(865, 1, 3, 2, 'Sampah bekas paket', 'Sampah paket'),
(866, 1, 3, 2, 'Sampah bekas makanan dari luar', 'Plastik makanan'),
(867, 1, 3, 3, '1 botol air mineral, 1 kotak nasi, dan 1 plastik kresek', 'Kresek'),
(868, 2, 3, 1, 'kotak kardus kemasan makanan', 'Kardus'),
(869, 1, 3, 1, 'Sampah bekas meminum tadi siang', 'Botol'),
(870, 2, 3, 1, 'Sampah bekas makan tadi malam', 'Sampah makanan'),
(871, 1, 2, 30, 'sampah plastik bekas makanan', 'Plastik'),
(872, 1, 3, 3, 'sampah bekas bungkus makanan tadi siang', 'Plastik'),
(873, 1, 3, 2, 'Sampah bekas pembungkus makanan dan minuman dari luar', 'Plastik'),
(874, 1, 5, 4, 'sampah sampah plastik kecil dimasukan ke dalam kantong plastik yang lebih besar ', 'Plastik'),
(875, 2, 3, 2, 'sampah kulit pisang ', 'Kulit pisang'),
(876, 1, 4, 15, 'sampah kertas hvs bekas coretan dan print ', 'Kertas'),
(877, 1, 3, 5, 'Styrofoam bekas makanan, akumulasi dengan hari sebelumnya', 'Styrofoam'),
(878, 2, 3, 3, 'Lunch box paper, akumulasi dengan hari sebelumnya ', 'Lunch box paper'),
(879, 1, 3, 4, 'Botol bekas', 'Botol bekas'),
(880, 1, 3, 4, 'Cup plastik bekas minuman', 'Cup plastik'),
(881, 1, 3, 2, 'Sampah bekas minuman dari luar', 'Cup plastik'),
(882, 2, 3, 1, 'Kardus bekas paket', 'Kardus'),
(883, 1, 3, 1, 'Sampah bekas masak mie tadi malam', 'Bungkus mie'),
(884, 1, 3, 1, 'botol minum bekas nipis madu', 'Botol minuman'),
(885, 1, 3, 3, 'Sampah bekas makanan dari luar', 'Plastik bekas makanan'),
(886, 2, 2, 60, 'smapah bekas kotretan', 'Kertas'),
(887, 1, 3, 2, 'Sampah bekas cemilan tadi siang', 'Bungkus snack'),
(888, 1, 3, 6, '', 'Plastik'),
(889, 1, 3, 2, '', 'Botol plastik'),
(890, 1, 3, 2, 'sampah bekas kardus makanan', 'Kardus'),
(891, 2, 2, 90, 'sampah kulit buah kupas ', 'Kulit buah'),
(892, 1, 3, 3, 'Botol minum 600ml', 'Botol minuman'),
(893, 1, 2, 140, 'Botol bekas kecap', 'Botol kaca'),
(894, 1, 3, 4, 'Sampah bekas minuman', 'Cup minuman'),
(895, 1, 3, 3, 'makan takeout', 'Styrofoam'),
(896, 2, 4, 4, 'Sampah bekas makan siang', 'Daun pisang'),
(897, 1, 3, 5, 'sampah bekas makan makan hari ini', 'Bungkus makanan'),
(898, 1, 3, 1, 'botol nipis madu 330ml', 'Botol minuman'),
(899, 1, 3, 10, '.', 'Plastik'),
(900, 2, 3, 50, 'sampah bekas makan malam', 'Tusuk sate'),
(901, 1, 3, 4, 'sampah bekas cup plastik eskrim', 'Cup plastik'),
(902, 1, 3, 2, 'Sampah plastik dari wadah kue', 'Plastik makanan'),
(903, 1, 3, 1, 'botol air mineral 1,5L', 'Botol minuman'),
(904, 2, 3, 2, 'Sampah bekas makan tadi siang', 'Buah pisang'),
(905, 1, 3, 1, 'Sampah bekas beli makanan ', 'Bungkus makanan'),
(906, 1, 3, 6, 'botol plastik', 'Botol plastik'),
(907, 1, 3, 3, 'cup plastik ', 'Cup plastik'),
(908, 1, 3, 6, 'Styrofoam bekas makanan', 'Styrofoam'),
(909, 1, 3, 1, 'Cup minuman dari cafe', 'Cup minuman'),
(910, 2, 3, 10, 'Kardus bekas pvc', 'Kardus'),
(911, 2, 3, 5, 'Bekas makanan, tulang ayam', 'Sampah makanan'),
(912, 2, 3, 5, 'Kulit Pisang', 'Sampah makanan'),
(913, 3, 3, 3, 'Sampah bekas bungkus detergen', 'Sampah rumah'),
(914, 2, 2, 290, 'Sampah rumahan hari ini', 'Tissue'),
(915, 1, 2, 290, 'Sampah rumahan hari ini', 'Sampah rumahan'),
(916, 1, 3, 4, 'sampah orderan takeout', 'Kotak makanan'),
(917, 2, 3, 5, 'cangkang telur', 'Sampah makanan'),
(918, 1, 3, 2, 'cup plastik minuman', 'Cup minuman'),
(919, 1, 3, 1, 'botol plastik', 'Botol plastik'),
(920, 1, 4, 4, 'struk ', 'Kertas'),
(921, 1, 4, 4, 'struk ', 'Kertas'),
(922, 1, 4, 600, '(habis dalam seminggu) digunakan banyak tisu dikarenakan lagi flu', 'Tissue'),
(923, 1, 3, 11, 'Sampah plastik, bungkus makanan', 'Plastik bungkus makanan'),
(924, 1, 3, 3, 'Sampah bekas membungkus makanan ', 'Bungkus makanan'),
(925, 1, 3, 5, 'Sampah dari makanan', 'Sampah makanan'),
(926, 1, 3, 1, 'sampah bungkus nasi', 'Sampah makanan'),
(927, 1, 5, 1, 'Sampah plastik + kertas', 'Kertas'),
(928, 1, 3, 3, 'bekas makan es krim', 'Gelas es krim'),
(929, 1, 4, 3, 'Sampah dari pembungkus makanan', 'Plastik makanan'),
(930, 1, 3, 1, 'Sampah bekas bungkus mie buat makan malam', 'Bungkus mie'),
(931, 1, 3, 1, 'Botol minuman kopi', 'Botol minuman'),
(932, 1, 3, 2, 'abis jajan', 'Styrofoam'),
(933, 1, 3, 3, 'Sampah bekas air mineral', 'Cup plastik'),
(934, 1, 3, 3, 'sampah bekas makanan tadi sore', 'Plastik'),
(935, 2, 2, 200, 'sampah mengupas/memotong sayuran', 'Sayuran'),
(936, 2, 3, 5, 'sampah bekas membersihkan sesuatu yang kotor', 'Kapas'),
(937, 2, 3, 2, 'Sampah bekas makan tadi malam', 'Buah pisang'),
(938, 1, 3, 1, 'Sampah bekas minum tadi siang', 'Botol plastik'),
(939, 2, 3, 15, 'Tusuk sate', 'Tusuk sate'),
(940, 1, 3, 5, 'Styrofoam bekas makanan, akumulasi dengan hari sebelumnya', 'Styrofoam'),
(941, 1, 3, 2, 'cup bekas minuman', 'Cup minuman'),
(942, 1, 3, 3, 'botol minum plastik ', 'Botol minum'),
(943, 1, 3, 3, 'Sampah bekas pembungkus makanan', 'Plastik makanan'),
(944, 1, 2, 8, '', 'Plastik'),
(945, 1, 3, 1, 'Styrofoam bekas makanan ', 'Styrofoam'),
(946, 1, 3, 1, 'Sampah bekas tadi siang', 'Botol fanta'),
(947, 1, 3, 3, 'Sampah plastik bungkus makanan', 'Plastik bungkus makanan'),
(948, 1, 3, 2, 'botol air minum 600 ml', 'Botol air minum'),
(949, 2, 1, 1, 'Sisa makanan di rumah', 'Sisa makanan'),
(950, 2, 3, 5, 'Sampah bekas makan di siang hari', 'Biji rambutan'),
(951, 1, 5, 2, 'Sampah plastik bekas makanan', 'Sampah plastik'),
(952, 1, 3, 3, 'sampah bekas makanan seharian', 'Mika plastik'),
(953, 2, 3, 5, 'sampah bekas bungkus barang dan sudah kotor tidak bisa digunakan kembali', 'Koran'),
(954, 1, 3, 2, 'sampah bekas pelembab', 'Botol plastik'),
(955, 1, 3, 3, 'sampah plastik kemasan makanan', 'Sampah plastik'),
(956, 1, 4, 4, 'Sampah dari pembungkus paket', 'Bubble wrap'),
(957, 1, 3, 4, 'Lunch box paper', 'Lunch box paper'),
(958, 1, 3, 2, 'Sampah bungkus makanan tadi pagi', 'Bungkus makanan'),
(959, 1, 3, 1, 'Botol plastik habis minum', 'Botol plastik'),
(960, 1, 3, 1, 'Box Katsu', 'Box katsu'),
(961, 1, 3, 1, 'Botol Minuman', 'Botol minuman'),
(962, 2, 3, 1, 'Kulit Jeruk', 'Kulit jeruk'),
(963, 2, 3, 3, 'Cangkang Telur', 'Cangkang telur'),
(964, 1, 3, 1, 'Bungkus sachet', 'Bungkus sachet'),
(965, 1, 3, 1, 'Bungkus snack', 'Bungkus snack'),
(966, 3, 3, 1, 'Baterai bekas handphone', 'Baterai'),
(967, 1, 3, 2, 'Sampah plastik bungkus makanan', 'Sampah plastik'),
(968, 2, 2, 0.5, 'Sampah bekas sisa tulang ayam saat makan siang dan sore', 'Tulang ayam'),
(969, 1, 3, 1, 'botol plastik', 'Botol plastik'),
(970, 1, 3, 1, 'Styrofoam bekas tempat makanan', 'Styrofoam'),
(971, 1, 3, 1, 'Cup minuman dari jajanan', 'Cup minuman'),
(972, 1, 3, 2, '', 'Gelas plastik'),
(973, 1, 4, 7, '', 'Kertas'),
(974, 1, 3, 8, '', 'Kardus'),
(975, 1, 3, 3, '', 'Kaleng bekas'),
(976, 1, 3, 3, '', 'Styrofoam'),
(977, 1, 3, 2, 'Botol plastik minuman', 'Botol plastik'),
(978, 2, 1, 1, 'Sampah sisa makanan dari pagi hingga sore hari', 'Sampah sisa makanan'),
(979, 1, 3, 3, 'sampah bekas minuman', 'Kemasan plastik'),
(980, 1, 3, 3, 'botol bekas parfum yg sudah habis', 'Botol kaca'),
(981, 2, 2, 0.5, 'Sampah sisa-sisa tulang saat makan siang', 'Sampah tulang'),
(982, 1, 3, 2, 'botol plastik ', 'Botol plastik'),
(983, 1, 3, 2, 'lunch box paper', 'Lunch box paper'),
(984, 1, 3, 6, 'Sampah bekas paket', 'Sampah bekas paket'),
(985, 1, 3, 1, 'botol minum ichi ocha', 'Botol minum'),
(986, 1, 3, 1, 'Kardus makanan', 'Kardus makanan'),
(987, 2, 1, 1, 'Sisa makanan saat makan siang', 'Sisa makanan'),
(988, 1, 3, 2, 'lunch box paper', 'Lunch box paper'),
(989, 1, 3, 4, 'botol plastik', 'Botol plastik'),
(990, 1, 3, 4, 'Styrofoam bekas makanan', 'Styrofoam'),
(991, 1, 3, 5, 'Plastik bungkus makanan', 'Bungkus makanan'),
(992, 1, 5, 2, '2 kantong berisi sampah kosan selama seminggu euyy', 'Sampah kosan'),
(993, 2, 2, 0.5, 'Sisa makanan saat sarapan pagi', 'Sisa makanan'),
(994, 1, 3, 1, 'botol plastik ', 'Botol plastik'),
(995, 1, 3, 1, 'Styrofoam bekas makanan', 'Styrofoam'),
(996, 1, 3, 1, 'Botol plastik bekas', 'Botol plastik'),
(997, 1, 3, 1, 'Sampah plastik', 'Sampah plastik'),
(998, 1, 3, 2, 'botol plastik ', 'Botol plastik'),
(999, 1, 3, 3, 'Sampah dari pembungkus makanan', 'Plastik makanan'),
(1000, 1, 3, 5, 'sampah botol', 'Sampah botol'),
(1001, 1, 3, 1, 'Cup minuman plastik', 'Cup minuman plastik'),
(1002, 2, 3, 4, 'Sisa makanan, tulang ayam', 'Sisa makanan'),
(1003, 2, 4, 4, 'Kertas tidak terpakai', 'Kertas'),
(1004, 1, 4, 4, '', 'Atap seng'),
(1005, 1, 4, 2, '', 'Plafon kalsiboard'),
(1006, 1, 6, 1.1, '', 'Oli bekas'),
(1007, 2, 5, 3, '2 Kresek Besar dan 1 Kresek kecil', 'Tanaman liar'),
(1008, 2, 2, 15, 'Sampah bekas bahan membuat kue', 'Cangkang telur'),
(1009, 1, 3, 4, 'lunch box paper', 'Lunch box paper'),
(1010, 1, 3, 6, 'Sampah bekas pembungkus makanan', 'Sampah makanan'),
(1011, 1, 3, 5, 'plastik minuman', 'Plastik minuman'),
(1012, 1, 3, 2, 'gelas plastik', 'Gelas plastik'),
(1013, 1, 3, 3, 'kaleng sarden', 'Kaleng'),
(1014, 2, 4, 55, '', 'Kertas bekas'),
(1015, 2, 2, 150, 'Sampah sisa makanan', 'Tulang ayam'),
(1016, 1, 3, 2, 'botol plastik', 'Botol plastik'),
(1017, 1, 3, 8, 'botol plastik', 'Botol plastik'),
(1018, 2, 3, 4, 'lunch box paper', 'Lunch box paper'),
(1019, 1, 3, 2, 'botol plastik', 'Botol plastik'),
(1032, 2, 2, 100, 'Bekas makan siang', 'Sampah makanan'),
(1033, 1, 3, 5, 'Bekas makan', 'Plasti');

--
-- Triggers `jenis_sampah_multivalue`
--
DELIMITER $$
CREATE TRIGGER `Insertjumlahnegatif` BEFORE INSERT ON `jenis_sampah_multivalue` FOR EACH ROW BEGIN
    IF NEW.jumlah < 0 THEN
        SIGNAL SQLSTATE '45000'
        SET MESSAGE_TEXT = 'ERROR: Nilai jumlah tidak boleh negatif!';
    END IF;
END
$$
DELIMITER ;
DELIMITER $$
CREATE TRIGGER `updatejumlahnegatif` BEFORE UPDATE ON `jenis_sampah_multivalue` FOR EACH ROW BEGIN
    IF NEW.jumlah < 0 THEN
        SIGNAL SQLSTATE '45000'
        SET MESSAGE_TEXT = 'ERROR: Nilai jumlah tidak boleh negatif!';
    END IF;
END
$$
DELIMITER ;

-- --------------------------------------------------------

--
-- Table structure for table `kelas`
--

CREATE TABLE `kelas` (
  `id_kelas` int(11) NOT NULL,
  `kelas` varchar(255) DEFAULT NULL
) ENGINE=InnoDB DEFAULT CHARSET=utf8mb4 COLLATE=utf8mb4_general_ci;

--
-- Dumping data for table `kelas`
--

INSERT INTO `kelas` (`id_kelas`, `kelas`) VALUES
(1, 'C1'),
(2, 'C2');

-- --------------------------------------------------------

--
-- Table structure for table `kelompok`
--

CREATE TABLE `kelompok` (
  `id_kelompok` int(11) NOT NULL,
  `kelompok` int(11) DEFAULT NULL
) ENGINE=InnoDB DEFAULT CHARSET=utf8mb4 COLLATE=utf8mb4_general_ci;

--
-- Dumping data for table `kelompok`
--

INSERT INTO `kelompok` (`id_kelompok`, `kelompok`) VALUES
(1, 1),
(2, 2),
(3, 3),
(4, 4),
(5, 5),
(6, 6),
(7, 7),
(8, 8),
(9, 9);

-- --------------------------------------------------------

--
-- Table structure for table `satuan`
--

CREATE TABLE `satuan` (
  `id_satuan` int(11) NOT NULL,
  `nama_satuan` varchar(255) DEFAULT NULL
) ENGINE=InnoDB DEFAULT CHARSET=utf8mb4 COLLATE=utf8mb4_general_ci;

--
-- Dumping data for table `satuan`
--

INSERT INTO `satuan` (`id_satuan`, `nama_satuan`) VALUES
(1, 'Kg'),
(2, 'Gr'),
(3, 'Buah'),
(4, 'Lembar'),
(5, 'Kantong'),
(6, 'L');

-- --------------------------------------------------------

--
-- Table structure for table `transaksi_sampah`
--

CREATE TABLE `transaksi_sampah` (
  `id_transaksi` int(11) NOT NULL,
  `timestamp` datetime DEFAULT NULL,
  `id_user` int(11) DEFAULT NULL
) ENGINE=InnoDB DEFAULT CHARSET=utf8mb4 COLLATE=utf8mb4_general_ci;

--
-- Dumping data for table `transaksi_sampah`
--

INSERT INTO `transaksi_sampah` (`id_transaksi`, `timestamp`, `id_user`) VALUES
(1, '2025-03-31 20:24:57', 47),
(2, '2025-03-31 20:45:39', 67),
(3, '2025-03-31 21:22:56', 65),
(4, '2025-03-31 21:25:58', 65),
(5, '2025-03-31 21:26:13', 69),
(6, '2025-03-31 21:27:00', 60),
(7, '2025-03-31 21:30:31', 65),
(8, '2025-03-31 21:33:53', 58),
(9, '2025-03-31 21:35:31', 58),
(10, '2025-03-31 21:36:13', 64),
(11, '2025-03-31 21:41:05', 58),
(12, '2025-03-31 21:44:11', 58),
(13, '2025-03-31 21:44:38', 58),
(14, '2025-03-31 21:45:36', 58),
(15, '2025-03-31 21:48:38', 50),
(16, '2025-03-31 22:18:23', 46),
(17, '2025-03-31 22:18:25', 61),
(18, '2025-03-31 22:28:18', 74),
(19, '2025-03-31 22:30:02', 63),
(20, '2025-03-31 22:35:55', 74),
(21, '2025-03-31 22:36:02', 68),
(22, '2025-03-31 22:39:34', 68),
(23, '2025-03-31 23:48:18', 44),
(24, '2025-04-01 00:03:36', 13),
(25, '2025-04-01 00:04:19', 48),
(26, '2025-04-01 00:05:31', 42),
(27, '2025-04-01 07:41:37', 33),
(28, '2025-04-01 07:41:49', 12),
(29, '2025-04-01 07:45:58', 33),
(30, '2025-04-01 07:55:12', 12),
(31, '2025-04-01 08:15:10', 5),
(32, '2025-04-01 08:17:09', 5),
(33, '2025-04-01 09:21:36', 8),
(34, '2025-04-01 09:30:17', 14),
(35, '2025-04-01 10:16:06', 23),
(36, '2025-04-01 11:15:43', 21),
(37, '2025-04-01 11:17:52', 21),
(38, '2025-04-01 18:55:29', 22),
(39, '2025-04-01 18:57:37', 47),
(40, '2025-04-01 18:57:46', 22),
(41, '2025-04-01 18:58:57', 22),
(42, '2025-04-01 18:59:37', 34),
(43, '2025-04-01 19:13:32', 44),
(44, '2025-04-01 19:47:36', 69),
(45, '2025-04-01 19:51:04', 32),
(46, '2025-04-01 20:01:56', 61),
(47, '2025-04-01 20:03:53', 61),
(48, '2025-04-01 20:08:05', 73),
(49, '2025-04-01 20:08:41', 5),
(50, '2025-04-01 20:11:48', 12),
(51, '2025-04-01 20:13:08', 73),
(52, '2025-04-01 20:34:58', 52),
(53, '2025-04-01 20:41:09', 15),
(54, '2025-04-01 20:50:29', 13),
(55, '2025-04-01 20:51:28', 13),
(56, '2025-04-01 20:55:07', 36),
(57, '2025-04-01 20:56:20', 56),
(58, '2025-04-01 20:57:58', 56),
(59, '2025-04-01 20:59:05', 56),
(60, '2025-04-01 20:59:58', 4),
(61, '2025-04-01 21:00:37', 56),
(62, '2025-04-01 21:00:46', 4),
(63, '2025-04-01 21:03:14', 4),
(64, '2025-04-01 21:05:13', 56),
(65, '2025-04-01 21:06:25', 56),
(66, '2025-04-01 21:59:22', 58),
(67, '2025-04-01 22:03:46', 58),
(68, '2025-04-01 22:04:39', 58),
(69, '2025-04-01 22:06:05', 58),
(70, '2025-04-01 22:07:40', 58),
(71, '2025-04-01 22:30:33', 64),
(72, '2025-04-01 22:45:32', 70),
(73, '2025-04-01 22:48:35', 28),
(74, '2025-04-01 22:52:37', 28),
(75, '2025-04-01 22:53:59', 27),
(76, '2025-04-01 22:54:31', 30),
(77, '2025-04-01 22:54:53', 30),
(78, '2025-04-01 22:55:54', 27),
(79, '2025-04-01 22:59:43', 74),
(80, '2025-04-01 23:16:27', 68),
(81, '2025-04-01 23:16:54', 68),
(82, '2025-04-01 23:24:01', 74),
(83, '2025-04-01 23:41:21', 45),
(84, '2025-04-01 23:42:29', 45),
(85, '2025-04-01 23:56:32', 31),
(86, '2025-04-02 00:00:47', 31),
(87, '2025-04-02 09:56:07', 23),
(88, '2025-04-02 10:01:52', 29),
(89, '2025-04-02 10:02:45', 29),
(90, '2025-04-02 11:12:22', 2),
(91, '2025-04-02 13:04:30', 36),
(92, '2025-04-02 13:31:27', 42),
(93, '2025-04-02 16:03:12', 34),
(94, '2025-04-02 17:41:31', 5),
(95, '2025-04-02 17:45:53', 5),
(96, '2025-04-02 18:51:01', 54),
(97, '2025-04-02 18:58:27', 44),
(98, '2025-04-02 19:15:19', 21),
(99, '2025-04-02 20:35:57', 17),
(100, '2025-04-02 20:43:41', 52),
(101, '2025-04-02 20:46:26', 47),
(102, '2025-04-02 20:46:26', 52),
(103, '2025-04-02 20:47:08', 52),
(104, '2025-04-02 20:50:48', 39),
(105, '2025-04-02 21:18:31', 69),
(106, '2025-04-02 21:34:34', 65),
(107, '2025-04-02 21:36:34', 33),
(108, '2025-04-02 21:37:22', 65),
(109, '2025-04-02 21:42:13', 22),
(110, '2025-04-02 21:42:26', 50),
(111, '2025-04-02 21:46:09', 63),
(112, '2025-04-02 21:47:32', 74),
(113, '2025-04-02 21:48:04', 63),
(114, '2025-04-02 21:48:41', 74),
(115, '2025-04-02 21:52:02', 22),
(116, '2025-04-02 22:16:48', 46),
(117, '2025-04-02 22:17:24', 46),
(118, '2025-04-02 22:22:42', 4),
(119, '2025-04-02 22:23:14', 4),
(120, '2025-04-02 22:34:02', 61),
(121, '2025-04-02 22:35:04', 61),
(122, '2025-04-02 22:42:06', 64),
(123, '2025-04-02 22:57:17', 28),
(124, '2025-04-02 23:00:06', 28),
(125, '2025-04-02 23:00:54', 28),
(126, '2025-04-02 23:02:25', 28),
(127, '2025-04-02 23:03:18', 31),
(128, '2025-04-02 23:11:41', 31),
(129, '2025-04-02 23:21:02', 15),
(130, '2025-04-02 23:47:33', 30),
(131, '2025-04-02 23:48:00', 30),
(132, '2025-04-03 00:25:50', 60),
(133, '2025-04-03 12:45:51', 12),
(134, '2025-04-03 12:48:09', 12),
(135, '2025-04-03 13:04:06', 58),
(136, '2025-04-03 16:03:26', 8),
(137, '2025-04-03 16:04:38', 8),
(138, '2025-04-03 17:09:29', 5),
(139, '2025-04-03 17:14:00', 5),
(140, '2025-04-03 18:43:26', 67),
(141, '2025-04-03 18:45:43', 67),
(142, '2025-04-03 18:48:41', 67),
(143, '2025-04-03 19:29:07', 13),
(144, '2025-04-03 20:08:36', 44),
(145, '2025-04-03 20:08:55', 23),
(146, '2025-04-03 20:15:05', 69),
(147, '2025-04-03 20:15:33', 69),
(148, '2025-04-03 21:29:24', 39),
(149, '2025-04-03 21:41:11', 33),
(150, '2025-04-03 21:44:20', 63),
(151, '2025-04-03 21:48:48', 64),
(152, '2025-04-03 21:49:01', 13),
(153, '2025-04-03 21:51:05', 64),
(154, '2025-04-03 22:18:31', 4),
(155, '2025-04-03 22:19:14', 4),
(156, '2025-04-03 22:19:34', 4),
(157, '2025-04-03 22:34:25', 61),
(158, '2025-04-03 22:35:35', 61),
(159, '2025-04-03 22:54:48', 46),
(160, '2025-04-03 23:16:06', 34),
(161, '2025-04-03 23:23:31', 21),
(162, '2025-04-03 23:25:19', 21),
(163, '2025-04-03 23:27:04', 74),
(164, '2025-04-03 23:32:32', 68),
(165, '2025-04-03 23:41:55', 15),
(166, '2025-04-03 23:42:39', 15),
(167, '2025-04-03 23:59:34', 30),
(168, '2025-04-03 23:59:54', 30),
(169, '2025-04-04 01:36:32', 60),
(170, '2025-04-04 04:49:05', 73),
(171, '2025-04-04 17:35:16', 74),
(172, '2025-04-04 17:46:01', 23),
(173, '2025-04-04 18:28:50', 65),
(174, '2025-04-04 18:30:14', 65),
(175, '2025-04-04 18:38:03', 65),
(176, '2025-04-04 19:31:56', 2),
(177, '2025-04-04 19:47:07', 69),
(178, '2025-04-04 19:53:08', 35),
(179, '2025-04-04 20:04:15', 44),
(180, '2025-04-04 20:32:31', 28),
(181, '2025-04-04 20:44:28', 9),
(182, '2025-04-04 20:55:29', 63),
(183, '2025-04-04 21:02:35', 12),
(184, '2025-04-04 21:14:52', 22),
(185, '2025-04-04 21:15:23', 22),
(186, '2025-04-04 21:16:38', 22),
(187, '2025-04-04 21:34:30', 58),
(188, '2025-04-04 21:35:43', 58),
(189, '2025-04-04 21:35:53', 27),
(190, '2025-04-04 21:38:12', 27),
(191, '2025-04-04 21:47:55', 58),
(192, '2025-04-04 21:54:26', 39),
(193, '2025-04-04 22:26:48', 5),
(194, '2025-04-04 22:27:57', 5),
(195, '2025-04-04 22:35:19', 4),
(196, '2025-04-04 22:37:24', 4),
(197, '2025-04-04 22:52:40', 46),
(198, '2025-04-04 23:04:50', 73),
(199, '2025-04-04 23:06:10', 31),
(200, '2025-04-04 23:08:19', 31),
(201, '2025-04-04 23:11:19', 31),
(202, '2025-04-04 23:26:14', 33),
(203, '2025-04-04 23:41:53', 21),
(204, '2025-04-04 23:42:39', 21),
(205, '2025-04-04 23:56:40', 52),
(206, '2025-04-05 10:23:56', 23),
(207, '2025-04-05 18:38:54', 47),
(208, '2025-04-05 18:41:55', 47),
(209, '2025-04-05 19:28:16', 63),
(210, '2025-04-05 19:34:56', 44),
(211, '2025-04-05 20:02:22', 69),
(212, '2025-04-05 20:02:43', 22),
(213, '2025-04-05 20:03:19', 22),
(214, '2025-04-05 20:32:27', 65),
(215, '2025-04-05 21:11:17', 24),
(216, '2025-04-05 21:12:11', 24),
(217, '2025-04-05 21:14:14', 50),
(218, '2025-04-05 21:39:41', 54),
(219, '2025-04-05 21:57:12', 39),
(220, '2025-04-05 21:58:45', 17),
(221, '2025-04-05 22:25:06', 34),
(222, '2025-04-05 22:39:32', 46),
(223, '2025-04-05 22:41:55', 61),
(224, '2025-04-05 22:42:50', 61),
(225, '2025-04-05 22:53:15', 28),
(226, '2025-04-05 22:53:43', 28),
(227, '2025-04-05 23:02:51', 27),
(228, '2025-04-05 23:04:36', 9),
(229, '2025-04-05 23:05:06', 27),
(230, '2025-04-05 23:27:40', 5),
(231, '2025-04-05 23:34:50', 15),
(232, '2025-04-05 23:35:39', 15),
(233, '2025-04-05 23:49:32', 64),
(234, '2025-04-06 12:35:33', 23),
(235, '2025-04-06 18:24:59', 13),
(236, '2025-04-06 18:37:23', 31),
(237, '2025-04-06 18:40:01', 31),
(238, '2025-04-06 18:50:54', 8),
(239, '2025-04-06 19:07:53', 47),
(240, '2025-04-06 19:10:03', 47),
(241, '2025-04-06 19:39:27', 34),
(242, '2025-04-06 19:39:31', 22),
(243, '2025-04-06 21:02:52', 58),
(244, '2025-04-06 21:03:12', 58),
(245, '2025-04-06 21:03:34', 58),
(246, '2025-04-06 21:20:09', 27),
(247, '2025-04-06 21:20:56', 50),
(248, '2025-04-06 21:22:27', 27),
(249, '2025-04-06 21:22:34', 15),
(250, '2025-04-06 21:30:43', 5),
(251, '2025-04-06 21:31:53', 5),
(252, '2025-04-06 21:41:11', 65),
(253, '2025-04-06 21:55:22', 17),
(254, '2025-04-06 22:24:30', 10),
(255, '2025-04-06 22:27:04', 10),
(256, '2025-04-06 22:30:26', 6),
(257, '2025-04-06 22:32:42', 6),
(258, '2025-04-06 22:38:06', 7),
(259, '2025-04-06 22:39:08', 10),
(260, '2025-04-06 22:44:18', 7),
(261, '2025-04-06 22:54:32', 61),
(262, '2025-04-06 23:14:32', 30),
(263, '2025-04-06 23:15:01', 30),
(264, '2025-04-06 23:16:07', 67),
(265, '2025-04-06 23:19:43', 28),
(266, '2025-04-06 23:20:17', 28),
(267, '2025-04-06 23:20:56', 33),
(268, '2025-04-06 23:21:15', 28),
(269, '2025-04-06 23:21:50', 33),
(270, '2025-04-06 23:24:58', 60),
(271, '2025-04-06 23:25:56', 45),
(272, '2025-04-06 23:31:13', 45),
(273, '2025-04-06 23:39:34', 46),
(274, '2025-04-06 23:49:26', 21),
(275, '2025-04-07 00:57:37', 73),
(276, '2025-04-07 05:33:27', 52),
(277, '2025-04-07 05:33:49', 52),
(278, '2025-04-07 05:43:50', 9),
(279, '2025-04-07 05:46:31', 64),
(280, '2025-04-07 06:14:11', 72),
(281, '2025-04-07 06:20:06', 72),
(282, '2025-04-07 12:20:30', 23),
(283, '2025-04-07 15:56:43', 31),
(284, '2025-04-07 16:01:08', 31),
(285, '2025-04-07 17:14:20', 24),
(286, '2025-04-07 17:15:26', 24),
(287, '2025-04-07 18:54:51', 22),
(288, '2025-04-07 19:00:43', 39),
(289, '2025-04-07 19:17:53', 2),
(290, '2025-04-07 20:34:52', 33),
(291, '2025-04-07 20:35:55', 33),
(292, '2025-04-07 20:36:10', 69),
(293, '2025-04-07 20:42:01', 50),
(294, '2025-04-07 20:42:25', 68),
(295, '2025-04-07 20:54:27', 65),
(296, '2025-04-07 20:56:30', 65),
(297, '2025-04-07 21:35:28', 46),
(298, '2025-04-07 21:44:40', 30),
(299, '2025-04-07 21:45:19', 30),
(300, '2025-04-07 21:49:46', 58),
(301, '2025-04-07 21:50:13', 58),
(302, '2025-04-07 22:05:44', 13),
(303, '2025-04-07 22:07:26', 13),
(304, '2025-04-07 22:27:52', 5),
(305, '2025-04-07 22:31:35', 5),
(306, '2025-04-07 22:41:41', 27),
(307, '2025-04-07 22:42:57', 27),
(308, '2025-04-07 22:43:46', 28),
(309, '2025-04-07 22:50:31', 16),
(310, '2025-04-07 22:53:30', 44),
(311, '2025-04-07 23:12:05', 4),
(312, '2025-04-07 23:12:20', 4),
(313, '2025-04-07 23:13:23', 4),
(314, '2025-04-07 23:16:24', 63),
(315, '2025-04-07 23:18:52', 15),
(316, '2025-04-07 23:23:36', 21),
(317, '2025-04-07 23:24:51', 21),
(318, '2025-04-07 23:35:40', 67),
(319, '2025-04-07 23:44:34', 60),
(320, '2025-04-08 07:07:50', 23),
(321, '2025-04-08 08:08:01', 12),
(322, '2025-04-08 08:08:56', 12),
(323, '2025-04-08 08:10:50', 12),
(324, '2025-04-08 08:11:43', 12),
(325, '2025-04-08 10:35:47', 14),
(326, '2025-04-08 11:53:25', 19),
(327, '2025-04-08 13:10:12', 9),
(328, '2025-04-08 13:41:10', 36),
(329, '2025-04-08 14:18:30', 1),
(330, '2025-04-08 19:33:38', 5),
(331, '2025-04-08 20:41:20', 22),
(332, '2025-04-08 20:48:26', 7),
(333, '2025-04-08 20:49:18', 7),
(334, '2025-04-08 20:52:57', 25),
(335, '2025-04-08 20:55:21', 31),
(336, '2025-04-08 20:57:40', 16),
(337, '2025-04-08 20:58:04', 27),
(338, '2025-04-08 20:58:29', 31),
(339, '2025-04-08 20:59:12', 27),
(340, '2025-04-08 21:00:13', 13),
(341, '2025-04-08 21:01:00', 13),
(342, '2025-04-08 21:10:15', 33),
(343, '2025-04-08 21:13:16', 64),
(344, '2025-04-08 21:42:55', 50),
(345, '2025-04-08 22:28:18', 46),
(346, '2025-04-08 22:58:35', 4),
(347, '2025-04-08 22:58:56', 4),
(348, '2025-04-08 23:10:14', 45),
(349, '2025-04-08 23:32:08', 30),
(350, '2025-04-08 23:34:08', 74),
(351, '2025-04-09 03:10:52', 62),
(352, '2025-04-09 03:13:58', 62),
(353, '2025-04-09 04:36:26', 21),
(354, '2025-04-09 06:44:15', 23),
(355, '2025-04-09 18:37:20', 5),
(356, '2025-04-09 19:09:12', 47),
(357, '2025-04-09 19:11:03', 47),
(358, '2025-04-09 19:11:49', 47),
(359, '2025-04-09 20:23:13', 58),
(360, '2025-04-09 20:23:58', 58),
(361, '2025-04-09 20:28:01', 58),
(362, '2025-04-09 20:32:25', 50),
(363, '2025-04-09 20:47:51', 65),
(364, '2025-04-09 20:49:01', 28),
(365, '2025-04-09 20:53:48', 44),
(366, '2025-04-09 20:56:12', 27),
(367, '2025-04-09 20:58:13', 27),
(368, '2025-04-09 21:02:08', 67),
(369, '2025-04-09 21:05:40', 22),
(370, '2025-04-09 21:06:37', 22),
(371, '2025-04-09 21:24:35', 4),
(372, '2025-04-09 21:25:19', 4),
(373, '2025-04-09 21:25:46', 4),
(374, '2025-04-09 21:34:04', 12),
(375, '2025-04-09 21:34:51', 12),
(376, '2025-04-09 21:36:36', 13),
(377, '2025-04-09 21:53:03', 68),
(378, '2025-04-09 21:57:27', 61),
(379, '2025-04-09 22:00:36', 31),
(380, '2025-04-09 22:02:43', 31),
(381, '2025-04-09 22:02:45', 16),
(382, '2025-04-09 22:23:58', 73),
(383, '2025-04-09 22:27:57', 60),
(384, '2025-04-09 22:53:41', 69),
(385, '2025-04-09 22:54:55', 69),
(386, '2025-04-09 22:55:07', 74),
(387, '2025-04-09 22:56:10', 74),
(388, '2025-04-09 23:19:16', 30),
(389, '2025-04-09 23:19:23', 33),
(390, '2025-04-09 23:19:43', 30),
(391, '2025-04-09 23:20:28', 30),
(392, '2025-04-10 07:41:18', 23),
(393, '2025-04-10 08:38:37', 46),
(394, '2025-04-10 08:39:39', 46),
(395, '2025-04-10 09:24:14', 64),
(396, '2025-04-10 09:39:21', 64),
(397, '2025-04-10 10:42:25', 62),
(398, '2025-04-10 10:55:54', 36),
(399, '2025-04-10 10:56:08', 62),
(400, '2025-04-10 10:57:11', 62),
(401, '2025-04-10 11:35:40', 45),
(402, '2025-04-10 13:59:50', 72),
(403, '2025-04-10 19:30:29', 24),
(404, '2025-04-10 19:31:18', 24),
(405, '2025-04-10 20:05:23', 58),
(406, '2025-04-10 20:06:20', 58),
(407, '2025-04-10 20:08:19', 58),
(408, '2025-04-10 20:09:02', 71),
(409, '2025-04-10 20:09:39', 71),
(410, '2025-04-10 20:10:09', 71),
(411, '2025-04-10 20:11:27', 58),
(412, '2025-04-10 20:20:31', 27),
(413, '2025-04-10 20:21:20', 27),
(414, '2025-04-10 20:25:33', 22),
(415, '2025-04-10 20:29:30', 47),
(416, '2025-04-10 20:30:46', 47),
(417, '2025-04-10 20:36:43', 30),
(418, '2025-04-10 20:45:01', 50),
(419, '2025-04-10 20:46:51', 44),
(420, '2025-04-10 20:47:25', 50),
(421, '2025-04-10 20:49:45', 69),
(422, '2025-04-10 21:20:04', 65),
(423, '2025-04-10 21:24:51', 45),
(424, '2025-04-10 21:50:02', 68),
(425, '2025-04-10 21:59:29', 16),
(426, '2025-04-10 22:23:28', 39),
(427, '2025-04-10 22:34:18', 21),
(428, '2025-04-10 22:45:39', 59),
(429, '2025-04-10 22:48:39', 5),
(430, '2025-04-10 22:49:14', 12),
(431, '2025-04-10 22:49:28', 59),
(432, '2025-04-10 22:49:33', 7),
(433, '2025-04-10 22:50:45', 59),
(434, '2025-04-10 22:51:14', 12),
(435, '2025-04-10 22:52:06', 7),
(436, '2025-04-10 22:53:07', 59),
(437, '2025-04-10 22:55:10', 7),
(438, '2025-04-10 22:59:52', 7),
(439, '2025-04-10 23:03:56', 7),
(440, '2025-04-10 23:25:58', 10),
(441, '2025-04-10 23:27:53', 10),
(442, '2025-04-10 23:28:25', 67),
(443, '2025-04-10 23:28:30', 33),
(444, '2025-04-10 23:30:24', 74),
(445, '2025-04-10 23:31:13', 74),
(446, '2025-04-10 23:31:36', 60),
(447, '2025-04-11 05:07:22', 7),
(448, '2025-04-11 05:09:33', 7),
(449, '2025-04-11 05:11:00', 7),
(450, '2025-04-11 09:59:43', 23),
(451, '2025-04-11 11:12:40', 47),
(452, '2025-04-11 15:37:21', 8),
(453, '2025-04-11 15:37:30', 57),
(454, '2025-04-11 17:04:53', 62),
(455, '2025-04-11 17:06:21', 62),
(456, '2025-04-11 17:06:53', 62),
(457, '2025-04-11 17:09:49', 62),
(458, '2025-04-11 17:13:03', 62),
(459, '2025-04-11 18:54:24', 65),
(460, '2025-04-11 19:01:05', 10),
(461, '2025-04-11 19:02:40', 10),
(462, '2025-04-11 20:06:15', 27),
(463, '2025-04-11 20:07:12', 27),
(464, '2025-04-11 20:42:07', 28),
(465, '2025-04-11 21:11:47', 61),
(466, '2025-04-11 21:28:11', 31),
(467, '2025-04-11 21:29:18', 31),
(468, '2025-04-11 21:32:22', 31),
(469, '2025-04-11 21:36:25', 4),
(470, '2025-04-11 21:36:42', 4),
(471, '2025-04-11 21:48:13', 34),
(472, '2025-04-11 21:50:03', 66),
(473, '2025-04-11 21:53:12', 59),
(474, '2025-04-11 21:53:37', 66),
(475, '2025-04-11 21:53:57', 59),
(476, '2025-04-11 21:54:35', 59),
(477, '2025-04-11 21:55:10', 59),
(478, '2025-04-11 21:56:06', 59),
(479, '2025-04-11 21:57:03', 66),
(480, '2025-04-11 21:57:54', 59),
(481, '2025-04-11 21:58:21', 66),
(482, '2025-04-11 22:05:41', 5),
(483, '2025-04-11 22:20:08', 46),
(484, '2025-04-11 22:35:13', 22),
(485, '2025-04-11 23:25:02', 45),
(486, '2025-04-12 05:12:44', 7),
(487, '2025-04-12 05:13:24', 7),
(488, '2025-04-12 05:14:03', 7),
(489, '2025-04-12 05:14:35', 7),
(490, '2025-04-12 16:01:17', 9),
(491, '2025-04-12 18:41:26', 44),
(492, '2025-04-12 20:03:29', 33),
(493, '2025-04-12 20:11:03', 27),
(494, '2025-04-12 20:11:31', 27),
(495, '2025-04-12 20:49:58', 65),
(496, '2025-04-12 21:05:21', 28),
(497, '2025-04-12 21:05:56', 28),
(498, '2025-04-12 21:46:13', 5),
(499, '2025-04-12 22:05:20', 10),
(500, '2025-04-12 22:06:50', 10),
(501, '2025-04-12 22:13:28', 34),
(502, '2025-04-12 22:22:50', 46),
(503, '2025-04-12 22:25:48', 23),
(504, '2025-04-12 22:31:26', 61),
(505, '2025-04-12 22:44:19', 74),
(506, '2025-04-12 22:45:49', 74),
(507, '2025-04-12 22:47:28', 4),
(508, '2025-04-12 22:47:44', 4),
(509, '2025-04-12 23:13:59', 15),
(510, '2025-04-12 23:14:29', 7),
(511, '2025-04-12 23:14:39', 15),
(512, '2025-04-12 23:15:42', 7),
(513, '2025-04-12 23:17:17', 7),
(514, '2025-04-13 00:16:03', 7),
(515, '2025-04-13 09:41:25', 59),
(516, '2025-04-13 09:42:08', 59),
(517, '2025-04-13 09:42:40', 59),
(518, '2025-04-13 09:44:14', 59),
(519, '2025-04-13 09:45:41', 59),
(520, '2025-04-13 09:46:16', 59),
(521, '2025-04-13 09:46:49', 59),
(522, '2025-04-13 13:50:10', 62),
(523, '2025-04-13 13:50:50', 62),
(524, '2025-04-13 13:51:30', 62),
(525, '2025-04-13 13:53:17', 62),
(526, '2025-04-13 17:28:13', 13),
(527, '2025-04-13 18:19:34', 7),
(528, '2025-04-13 19:16:22', 16),
(529, '2025-04-13 20:05:03', 9),
(530, '2025-04-13 20:18:28', 18),
(531, '2025-04-13 20:26:12', 18),
(532, '2025-04-13 20:29:30', 66),
(533, '2025-04-13 20:29:53', 66),
(534, '2025-04-13 20:30:13', 66),
(535, '2025-04-13 20:30:37', 66),
(536, '2025-04-13 20:31:47', 59),
(537, '2025-04-13 20:34:36', 59),
(538, '2025-04-13 20:35:08', 59),
(539, '2025-04-13 20:35:49', 59),
(540, '2025-04-13 20:36:58', 59),
(541, '2025-04-13 20:55:50', 23),
(542, '2025-04-13 21:24:22', 47),
(543, '2025-04-13 21:24:37', 27),
(544, '2025-04-13 21:25:18', 27),
(545, '2025-04-13 21:26:45', 47),
(546, '2025-04-13 21:30:36', 28),
(547, '2025-04-13 22:43:54', 22),
(548, '2025-04-13 22:50:46', 5),
(549, '2025-04-13 22:52:42', 5),
(550, '2025-04-13 22:53:41', 61),
(551, '2025-04-13 23:58:22', 10),
(552, '2025-04-14 19:41:04', 33),
(553, '2025-04-14 19:44:27', 54),
(554, '2025-04-14 20:13:43', 68),
(555, '2025-04-14 21:32:32', 27),
(556, '2025-04-14 21:33:41', 27),
(557, '2025-04-14 21:36:49', 28),
(558, '2025-04-14 21:38:52', 10),
(559, '2025-04-14 21:39:06', 7),
(560, '2025-04-14 21:39:58', 7),
(561, '2025-04-14 21:40:11', 10),
(562, '2025-04-14 21:40:43', 7),
(563, '2025-04-14 21:40:59', 30),
(564, '2025-04-14 21:41:32', 30),
(565, '2025-04-14 21:42:02', 30),
(566, '2025-04-14 21:42:44', 16),
(567, '2025-04-14 21:45:38', 31),
(568, '2025-04-14 21:46:19', 31),
(569, '2025-04-14 21:47:18', 31),
(570, '2025-04-14 22:12:38', 5),
(571, '2025-04-14 23:11:53', 64),
(572, '2025-04-14 23:13:02', 64),
(573, '2025-04-14 23:43:02', 74),
(574, '2025-04-14 23:44:40', 74),
(575, '2025-04-15 12:45:18', 9),
(576, '2025-04-15 15:09:26', 39),
(577, '2025-04-15 16:51:45', 34),
(578, '2025-04-15 19:05:17', 23),
(579, '2025-04-15 19:49:33', 33),
(580, '2025-04-15 20:01:48', 28),
(581, '2025-04-15 20:02:36', 28),
(582, '2025-04-15 20:06:22', 27),
(583, '2025-04-15 20:07:17', 27),
(584, '2025-04-15 20:08:19', 30),
(585, '2025-04-15 20:08:37', 14),
(586, '2025-04-15 20:08:38', 10),
(587, '2025-04-15 20:08:56', 30),
(588, '2025-04-15 20:09:11', 16),
(589, '2025-04-15 20:10:46', 15),
(590, '2025-04-15 21:02:38', 12),
(591, '2025-04-15 21:28:25', 61),
(592, '2025-04-15 22:02:04', 5),
(593, '2025-04-15 22:31:14', 13),
(594, '2025-04-15 22:39:09', 67),
(595, '2025-04-15 23:03:33', 41),
(596, '2025-04-15 23:06:36', 50),
(597, '2025-04-15 23:30:12', 59),
(598, '2025-04-15 23:30:37', 59),
(599, '2025-04-15 23:31:10', 66),
(600, '2025-04-15 23:31:38', 59),
(601, '2025-04-15 23:32:05', 73),
(602, '2025-04-15 23:32:09', 59),
(603, '2025-04-15 23:33:31', 59),
(604, '2025-04-15 23:35:41', 64),
(605, '2025-04-15 23:38:34', 65),
(606, '2025-04-16 00:23:13', 4),
(607, '2025-04-16 00:23:33', 4),
(608, '2025-04-16 06:03:46', 47),
(609, '2025-04-16 06:05:30', 47),
(610, '2025-04-16 06:06:05', 47),
(611, '2025-04-16 10:17:52', 2),
(612, '2025-04-16 10:32:52', 28),
(613, '2025-04-16 18:21:03', 10),
(614, '2025-04-16 20:11:46', 27),
(615, '2025-04-16 20:12:31', 27),
(616, '2025-04-16 20:40:53', 47),
(617, '2025-04-16 21:50:29', 58),
(618, '2025-04-16 21:51:59', 58),
(619, '2025-04-16 21:52:27', 58),
(620, '2025-04-16 22:01:48', 5),
(621, '2025-04-16 22:24:24', 13),
(622, '2025-04-16 23:19:10', 55),
(623, '2025-04-16 23:33:36', 49),
(624, '2025-04-16 23:42:30', 64),
(625, '2025-04-17 05:12:21', 9),
(626, '2025-04-17 11:41:44', 7),
(627, '2025-04-17 11:42:38', 7),
(628, '2025-04-17 11:43:24', 7),
(629, '2025-04-17 18:47:42', 12),
(630, '2025-04-17 18:48:23', 12),
(631, '2025-04-17 18:49:00', 12),
(632, '2025-04-17 18:50:33', 12),
(633, '2025-04-17 18:51:08', 12),
(634, '2025-04-17 18:52:29', 12),
(635, '2025-04-17 18:54:36', 12),
(636, '2025-04-17 18:55:27', 12),
(637, '2025-04-17 19:00:19', 33),
(638, '2025-04-17 20:53:46', 28),
(639, '2025-04-17 20:54:38', 28),
(640, '2025-04-17 21:07:44', 44),
(641, '2025-04-17 21:09:36', 27),
(642, '2025-04-17 21:10:34', 27),
(643, '2025-04-17 21:11:40', 69),
(644, '2025-04-17 21:52:21', 61),
(645, '2025-04-17 22:17:54', 5),
(646, '2025-04-17 22:52:30', 22),
(647, '2025-04-17 22:57:50', 74),
(648, '2025-04-17 22:58:37', 74),
(649, '2025-04-17 23:37:24', 50),
(650, '2025-04-18 06:45:15', 4),
(651, '2025-04-18 06:45:43', 4),
(652, '2025-04-18 06:46:02', 4),
(653, '2025-04-18 19:38:43', 39),
(654, '2025-04-18 21:18:57', 16),
(655, '2025-04-18 21:57:38', 5),
(656, '2025-04-18 22:32:35', 27),
(657, '2025-04-18 22:33:09', 27),
(658, '2025-04-18 22:46:35', 15),
(659, '2025-04-18 22:53:56', 66),
(660, '2025-04-18 22:54:31', 66),
(661, '2025-04-18 22:57:21', 66),
(662, '2025-04-18 22:57:41', 66),
(663, '2025-04-18 22:58:06', 66),
(664, '2025-04-18 22:58:29', 66),
(665, '2025-04-18 23:13:12', 64),
(666, '2025-04-18 23:20:08', 24),
(667, '2025-04-18 23:34:44', 74),
(668, '2025-04-18 23:36:41', 74),
(669, '2025-04-18 23:37:32', 31),
(670, '2025-04-18 23:38:46', 31),
(671, '2025-04-18 23:38:59', 59),
(672, '2025-04-18 23:39:27', 31),
(673, '2025-04-18 23:46:34', 59),
(674, '2025-04-18 23:47:45', 59),
(675, '2025-04-18 23:50:15', 59),
(676, '2025-04-18 23:51:10', 59),
(677, '2025-04-19 14:59:07', 47),
(678, '2025-04-19 18:23:32', 7),
(679, '2025-04-19 18:23:55', 7),
(680, '2025-04-19 20:52:07', 13),
(681, '2025-04-19 21:41:55', 31),
(682, '2025-04-19 21:43:23', 5),
(683, '2025-04-19 22:28:33', 30),
(684, '2025-04-19 22:29:14', 30),
(685, '2025-04-19 22:29:40', 30),
(686, '2025-04-19 22:29:49', 9),
(687, '2025-04-20 16:43:03', 8),
(688, '2025-04-20 21:00:41', 69),
(689, '2025-04-20 21:00:59', 44),
(690, '2025-04-20 22:58:40', 16),
(691, '2025-04-20 23:17:06', 30),
(692, '2025-04-20 23:17:27', 30),
(693, '2025-04-20 23:40:28', 39),
(694, '2025-04-21 01:53:55', 5),
(695, '2025-04-21 09:23:29', 7),
(696, '2025-04-21 09:24:12', 7),
(697, '2025-04-21 16:31:27', 13),
(698, '2025-04-21 21:02:54', 64),
(699, '2025-04-21 21:15:36', 16),
(700, '2025-04-21 21:42:40', 5),
(701, '2025-04-21 21:53:24', 31),
(702, '2025-04-21 21:54:12', 31),
(703, '2025-04-21 22:14:25', 74),
(704, '2025-04-21 22:15:34', 74),
(705, '2025-04-21 22:47:17', 4),
(706, '2025-04-21 22:58:12', 9),
(707, '2025-04-21 23:07:28', 33),
(708, '2025-04-21 23:18:02', 50),
(709, '2025-04-21 23:54:36', 30),
(710, '2025-04-22 12:52:46', 13),
(711, '2025-04-22 20:27:03', 39),
(712, '2025-04-22 20:54:03', 28),
(713, '2025-04-22 20:54:05', 27),
(714, '2025-04-22 20:54:24', 28),
(715, '2025-04-22 20:55:00', 28),
(716, '2025-04-22 20:55:06', 27),
(717, '2025-04-22 21:09:39', 5),
(718, '2025-04-22 23:58:06', 74),
(719, '2025-04-23 00:29:06', 31),
(720, '2025-04-23 00:30:25', 31),
(721, '2025-04-23 16:03:19', 23),
(722, '2025-04-23 18:38:56', 13),
(723, '2025-04-23 20:20:45', 28),
(724, '2025-04-23 20:20:48', 27),
(725, '2025-04-23 20:21:07', 28),
(726, '2025-04-23 20:22:49', 27),
(727, '2025-04-23 21:01:06', 34),
(728, '2025-04-23 21:01:46', 34),
(729, '2025-04-23 21:02:49', 34),
(730, '2025-04-23 21:03:41', 34),
(731, '2025-04-23 21:04:32', 5),
(732, '2025-04-23 21:26:54', 16),
(733, '2025-04-23 22:35:43', 4),
(734, '2025-04-23 23:16:42', 30),
(735, '2025-04-24 06:59:03', 47),
(736, '2025-04-24 11:30:01', 44),
(737, '2025-04-24 19:45:15', 33),
(738, '2025-04-24 20:04:41', 27),
(739, '2025-04-24 20:05:18', 27),
(740, '2025-04-24 20:49:15', 69),
(741, '2025-04-24 21:33:15', 5),
(742, '2025-04-24 22:45:27', 64),
(743, '2025-04-25 13:44:53', 13),
(744, '2025-04-25 14:01:55', 46),
(745, '2025-04-25 14:03:31', 46),
(746, '2025-04-25 14:05:22', 46),
(747, '2025-04-25 18:25:55', 24),
(748, '2025-04-25 18:26:29', 24),
(749, '2025-04-25 19:18:59', 34),
(750, '2025-04-25 19:19:30', 34),
(751, '2025-04-25 20:30:09', 50),
(752, '2025-04-25 21:19:08', 5),
(753, '2025-04-25 23:59:32', 16),
(754, '2025-04-26 20:50:57', 46),
(755, '2025-04-26 20:52:01', 46),
(756, '2025-04-26 20:52:50', 46),
(757, '2025-04-26 21:17:49', 13),
(758, '2025-04-26 22:02:47', 24),
(759, '2025-04-26 22:03:17', 24),
(760, '2025-04-26 22:40:06', 58),
(761, '2025-04-26 22:42:21', 58),
(762, '2025-04-26 22:43:49', 50),
(763, '2025-04-26 23:20:54', 27),
(764, '2025-04-26 23:21:45', 27),
(765, '2025-04-27 01:37:52', 4),
(766, '2025-04-27 01:38:07', 4),
(767, '2025-04-27 01:38:24', 4),
(768, '2025-04-27 06:32:45', 5),
(769, '2025-04-27 14:02:46', 24),
(770, '2025-04-27 20:07:57', 13),
(771, '2025-04-27 20:50:52', 34),
(772, '2025-04-27 20:52:43', 34),
(773, '2025-04-27 21:29:00', 50),
(774, '2025-04-27 21:31:57', 50),
(775, '2025-04-27 21:33:42', 69),
(776, '2025-04-27 22:08:20', 5),
(777, '2025-04-27 23:19:58', 16),
(778, '2025-04-27 23:37:56', 27),
(779, '2025-04-27 23:38:36', 27),
(780, '2025-04-27 23:49:23', 30),
(781, '2025-04-27 23:50:06', 74),
(782, '2025-04-27 23:50:16', 30),
(783, '2025-04-27 23:51:25', 30),
(784, '2025-04-27 23:51:54', 22),
(785, '2025-04-27 23:53:12', 30),
(786, '2025-04-28 09:14:13', 4),
(787, '2025-04-28 09:14:31', 4),
(788, '2025-04-28 18:23:12', 55),
(789, '2025-04-28 18:33:58', 47),
(790, '2025-04-28 21:23:35', 16),
(791, '2025-04-28 21:31:04', 28),
(792, '2025-04-28 21:31:27', 28),
(793, '2025-04-28 22:56:57', 31),
(794, '2025-04-28 22:59:13', 31),
(795, '2025-04-28 23:46:31', 5),
(796, '2025-04-28 23:49:17', 30),
(797, '2025-04-28 23:49:44', 30),
(798, '2025-04-28 23:50:10', 30),
(799, '2025-04-29 08:33:11', 13),
(800, '2025-04-29 20:21:38', 43),
(801, '2025-04-30 04:25:39', 5),
(802, '2025-04-30 19:53:37', 73),
(803, '2025-04-30 21:45:31', 5),
(804, '2025-04-30 22:12:00', 74),
(805, '2025-04-30 22:13:02', 74),
(806, '2025-04-30 22:30:43', 61),
(807, '2025-04-30 23:31:27', 64),
(808, '2025-04-30 23:48:11', 30),
(809, '2025-04-30 23:49:58', 50),
(810, '2025-05-01 00:01:06', 65),
(811, '2025-05-01 22:43:00', 50),
(812, '2025-05-01 23:03:48', 16),
(813, '2025-05-02 00:05:43', 4),
(814, '2025-05-02 00:05:57', 4),
(815, '2025-05-02 04:59:29', 5),
(816, '2025-05-02 11:52:21', 12),
(817, '2025-05-02 11:53:48', 12),
(818, '2025-05-02 11:54:25', 12),
(819, '2025-05-02 11:56:24', 12),
(820, '2025-05-02 11:57:04', 12),
(821, '2025-05-02 11:57:36', 12),
(822, '2025-05-02 11:58:24', 12),
(823, '2025-05-02 11:59:35', 12),
(824, '2025-05-02 12:00:08', 12),
(825, '2025-05-02 12:00:46', 12),
(826, '2025-05-02 12:02:25', 12),
(827, '2025-05-02 12:03:04', 12),
(828, '2025-05-02 12:03:37', 12),
(829, '2025-05-02 12:04:08', 12),
(830, '2025-05-02 21:20:46', 73),
(831, '2025-05-02 23:40:10', 5),
(832, '2025-05-02 23:52:38', 16),
(833, '2025-05-03 21:01:59', 12),
(834, '2025-05-03 22:32:37', 5),
(835, '2025-05-03 23:17:31', 74),
(836, '2025-05-03 23:18:19', 74),
(837, '2025-05-03 23:42:44', 16),
(838, '2025-05-03 23:47:58', 30),
(839, '2025-05-03 23:48:34', 30),
(840, '2025-05-03 23:49:05', 30),
(841, '2025-05-03 23:50:16', 30),
(842, '2025-05-04 17:07:18', 61),
(843, '2025-05-04 21:07:14', 12),
(844, '2025-05-04 22:00:05', 5),
(845, '2025-05-04 23:20:14', 74),
(846, '2025-05-04 23:30:53', 74),
(847, '2025-05-04 23:48:05', 30),
(848, '2025-05-04 23:48:44', 30),
(849, '2025-05-05 20:53:17', 47),
(850, '2025-05-05 21:01:09', 12),
(851, '2025-05-05 21:24:42', 13),
(852, '2025-05-05 21:25:15', 23),
(853, '2025-05-05 22:04:29', 5),
(854, '2025-05-05 23:39:07', 74),
(855, '2025-05-05 23:40:01', 74),
(856, '2025-05-06 13:44:51', 32),
(857, '2025-05-06 16:45:39', 37),
(858, '2025-05-06 21:36:21', 22),
(859, '2025-05-06 22:14:42', 5),
(860, '2025-05-06 22:34:51', 50),
(861, '2025-05-07 19:50:54', 13),
(862, '2025-05-07 20:19:24', 74),
(863, '2025-05-07 20:20:12', 74),
(864, '2025-05-07 20:42:52', 16),
(865, '2025-05-07 21:01:35', 12),
(866, '2025-05-07 21:48:28', 5),
(867, '2025-05-08 07:37:49', 69),
(868, '2025-05-08 07:38:38', 69),
(869, '2025-05-08 21:18:16', 12),
(870, '2025-05-08 23:06:47', 30),
(871, '2025-05-08 23:07:28', 30),
(872, '2025-05-08 23:07:52', 30),
(873, '2025-05-08 23:08:13', 30),
(874, '2025-05-08 23:21:01', 5),
(875, '2025-05-08 23:51:04', 22),
(876, '2025-05-08 23:56:46', 74),
(877, '2025-05-09 20:01:54', 13),
(878, '2025-05-09 21:08:42', 5),
(879, '2025-05-09 21:46:24', 16),
(880, '2025-05-09 23:42:02', 74),
(881, '2025-05-10 06:15:36', 4),
(882, '2025-05-10 06:15:58', 4),
(883, '2025-05-10 20:43:09', 12),
(884, '2025-05-10 20:45:00', 12),
(885, '2025-05-10 21:36:04', 50),
(886, '2025-05-10 22:09:53', 16),
(887, '2025-05-10 22:16:25', 5),
(888, '2025-05-10 23:04:05', 64),
(889, '2025-05-11 21:42:34', 5),
(890, '2025-05-11 22:10:40', 16),
(891, '2025-05-11 23:46:01', 13),
(892, '2025-05-12 18:51:31', 43),
(893, '2025-05-12 21:15:36', 12),
(894, '2025-05-12 21:16:07', 12),
(895, '2025-05-12 21:27:56', 5),
(896, '2025-05-12 23:16:57', 50),
(897, '2025-05-12 23:44:35', 74),
(898, '2025-05-12 23:45:30', 74),
(899, '2025-05-12 23:54:44', 30),
(900, '2025-05-12 23:54:57', 30),
(901, '2025-05-12 23:55:16', 30),
(902, '2025-05-13 20:46:58', 37),
(903, '2025-05-13 20:48:24', 37),
(904, '2025-05-13 21:00:42', 37),
(905, '2025-05-13 21:30:22', 8),
(906, '2025-05-13 21:32:08', 22),
(907, '2025-05-13 21:32:58', 16),
(908, '2025-05-13 22:07:46', 64),
(909, '2025-05-13 22:13:38', 59),
(910, '2025-05-13 22:14:04', 59),
(911, '2025-05-13 22:14:37', 59),
(912, '2025-05-13 22:15:38', 59),
(913, '2025-05-13 22:16:32', 59),
(914, '2025-05-13 22:19:14', 59),
(915, '2025-05-13 22:41:53', 61),
(916, '2025-05-13 23:51:15', 74),
(917, '2025-05-14 00:09:06', 5),
(918, '2025-05-14 07:11:55', 23),
(919, '2025-05-14 07:15:48', 8),
(920, '2025-05-14 14:23:49', 64),
(921, '2025-05-14 21:30:13', 5),
(922, '2025-05-14 23:29:28', 74),
(923, '2025-05-15 18:45:42', 2),
(924, '2025-05-15 20:42:25', 70),
(925, '2025-05-15 20:57:54', 5),
(926, '2025-05-15 21:07:56', 12),
(927, '2025-05-15 21:08:25', 12),
(928, '2025-05-15 21:08:52', 12),
(929, '2025-05-15 22:47:19', 74),
(930, '2025-05-15 22:48:03', 74),
(931, '2025-05-15 23:48:14', 30),
(932, '2025-05-15 23:48:40', 30),
(933, '2025-05-15 23:49:00', 30),
(934, '2025-05-15 23:49:22', 30),
(935, '2025-05-16 21:37:26', 5),
(936, '2025-05-16 22:01:49', 73),
(937, '2025-05-16 23:43:13', 30),
(938, '2025-05-16 23:53:25', 74),
(939, '2025-05-17 19:35:23', 23),
(940, '2025-05-17 20:33:23', 50),
(941, '2025-05-17 23:22:30', 5),
(942, '2025-05-17 23:38:09', 74),
(943, '2025-05-18 18:33:43', 26),
(944, '2025-05-18 18:56:40', 12),
(945, '2025-05-18 18:57:16', 12),
(946, '2025-05-18 18:57:54', 12),
(947, '2025-05-18 20:02:51', 33),
(948, '2025-05-18 22:08:00', 5),
(949, '2025-05-18 23:26:21', 30),
(950, '2025-05-18 23:42:22', 74),
(951, '2025-05-19 08:56:50', 37),
(952, '2025-05-19 11:27:05', 14),
(953, '2025-05-19 11:27:47', 14),
(954, '2025-05-19 11:36:18', 14),
(955, '2025-05-19 11:39:41', 14),
(956, '2025-05-19 11:41:29', 14),
(957, '2025-05-19 11:43:31', 14),
(958, '2025-05-19 21:01:45', 2),
(959, '2025-05-19 21:02:09', 23),
(960, '2025-05-19 22:14:29', 5),
(961, '2025-05-19 22:51:37', 30),
(962, '2025-05-19 22:52:00', 30),
(963, '2025-05-20 14:10:43', 37),
(964, '2025-05-20 18:08:53', 34),
(965, '2025-05-20 18:23:59', 34),
(966, '2025-05-20 18:24:42', 34),
(967, '2025-05-20 18:25:52', 34),
(968, '2025-05-20 18:26:29', 34),
(969, '2025-05-20 20:22:13', 23),
(970, '2025-05-21 04:57:35', 5),
(971, '2025-05-21 13:49:58', 12),
(972, '2025-05-21 13:50:47', 12),
(973, '2025-05-21 22:31:56', 5),
(974, '2025-05-21 23:50:37', 30),
(975, '2025-05-21 23:51:06', 30),
(976, '2025-05-22 22:57:24', 5),
(977, '2025-05-23 21:49:34', 13),
(978, '2025-05-23 23:14:27', 5),
(979, '2025-05-24 21:59:46', 5),
(980, '2025-05-24 23:54:44', 30),
(981, '2025-05-24 23:55:09', 30),
(982, '2025-05-24 23:55:31', 30),
(983, '2025-05-25 00:21:48', 23),
(984, '2025-05-25 21:29:24', 13),
(985, '2025-05-25 21:46:30', 5),
(986, '2025-05-25 23:46:08', 30),
(987, '2025-05-25 23:46:25', 30),
(988, '2025-05-26 21:36:48', 5),
(989, '2025-05-26 21:37:34', 5),
(990, '2025-05-26 23:46:39', 30),
(991, '2025-05-27 23:27:35', 5),
(992, '2025-05-28 00:23:39', 23),
(993, '2025-05-28 07:45:58', 37),
(994, '2025-05-28 07:46:26', 37),
(995, '2025-05-28 07:47:27', 37),
(996, '2025-05-28 15:37:28', 19),
(997, '2025-05-28 15:40:09', 19),
(998, '2025-05-28 15:42:00', 19),
(999, '2025-05-28 15:44:01', 19),
(1000, '2025-05-28 22:30:22', 5),
(1001, '2025-05-28 22:49:12', 30),
(1002, '2025-05-29 21:23:24', 5),
(1003, '2025-05-30 14:41:12', 34),
(1004, '2025-05-30 14:46:31', 34),
(1005, '2025-05-30 14:48:57', 34),
(1006, '2025-05-30 14:49:27', 34),
(1007, '2025-05-30 22:24:54', 5),
(1008, '2025-05-30 23:27:00', 30),
(1009, '2025-05-31 23:35:19', 34),
(1010, '2025-05-31 23:55:45', 30),
(1011, '2025-05-31 23:56:05', 30),
(1016, '2025-06-11 02:34:53', 22),
(1017, '2025-06-11 02:35:44', 22);

-- --------------------------------------------------------

--
-- Table structure for table `transaksi_sampah_jenis`
--

CREATE TABLE `transaksi_sampah_jenis` (
  `id_transaksi` int(11) NOT NULL,
  `id_multivalue` int(11) NOT NULL
) ENGINE=InnoDB DEFAULT CHARSET=utf8mb4 COLLATE=utf8mb4_general_ci;

--
-- Dumping data for table `transaksi_sampah_jenis`
--

INSERT INTO `transaksi_sampah_jenis` (`id_transaksi`, `id_multivalue`) VALUES
(1, 1),
(2, 2),
(3, 3),
(4, 4),
(5, 5),
(6, 6),
(7, 7),
(8, 8),
(9, 9),
(10, 10),
(11, 11),
(12, 12),
(13, 13),
(14, 14),
(15, 15),
(16, 16),
(17, 17),
(18, 18),
(19, 19),
(20, 20),
(21, 21),
(22, 22),
(23, 23),
(24, 24),
(25, 25),
(26, 26),
(27, 27),
(28, 28),
(29, 29),
(30, 30),
(31, 31),
(32, 32),
(33, 33),
(34, 34),
(35, 35),
(36, 36),
(37, 37),
(38, 38),
(39, 39),
(40, 40),
(41, 41),
(42, 42),
(43, 43),
(44, 44),
(45, 45),
(46, 46),
(47, 47),
(48, 48),
(49, 49),
(50, 50),
(51, 51),
(51, 52),
(52, 53),
(53, 54),
(54, 55),
(55, 56),
(56, 57),
(57, 58),
(58, 59),
(59, 60),
(60, 61),
(61, 62),
(62, 63),
(63, 64),
(64, 65),
(65, 66),
(66, 67),
(67, 68),
(68, 69),
(69, 70),
(70, 71),
(71, 72),
(72, 73),
(73, 74),
(74, 75),
(75, 76),
(76, 77),
(77, 78),
(78, 79),
(79, 80),
(80, 81),
(81, 82),
(82, 83),
(83, 84),
(84, 85),
(85, 86),
(86, 87),
(87, 88),
(88, 89),
(89, 90),
(90, 91),
(91, 92),
(92, 93),
(93, 94),
(94, 95),
(95, 96),
(96, 97),
(97, 98),
(98, 99),
(99, 100),
(100, 101),
(101, 102),
(102, 103),
(103, 104),
(104, 105),
(105, 106),
(106, 107),
(107, 108),
(108, 109),
(109, 110),
(110, 111),
(111, 112),
(112, 113),
(113, 114),
(114, 115),
(115, 116),
(116, 117),
(117, 118),
(118, 119),
(119, 120),
(120, 121),
(121, 122),
(122, 123),
(123, 124),
(124, 125),
(125, 126),
(126, 127),
(127, 128),
(128, 129),
(129, 130),
(130, 131),
(131, 132),
(132, 133),
(133, 134),
(134, 135),
(135, 136),
(136, 137),
(137, 138),
(138, 139),
(139, 140),
(140, 141),
(141, 142),
(142, 143),
(143, 144),
(144, 145),
(145, 146),
(146, 147),
(147, 148),
(148, 149),
(149, 150),
(150, 151),
(151, 152),
(152, 153),
(153, 154),
(154, 155),
(155, 156),
(156, 157),
(157, 158),
(158, 159),
(159, 160),
(160, 161),
(161, 162),
(162, 163),
(163, 164),
(164, 165),
(165, 166),
(166, 167),
(167, 168),
(168, 169),
(169, 170),
(170, 171),
(171, 172),
(172, 173),
(173, 174),
(174, 175),
(175, 176),
(176, 177),
(177, 178),
(178, 179),
(179, 180),
(180, 181),
(181, 182),
(182, 183),
(183, 184),
(184, 185),
(185, 186),
(186, 187),
(187, 188),
(188, 189),
(189, 190),
(190, 191),
(191, 192),
(192, 193),
(193, 194),
(194, 195),
(195, 196),
(196, 197),
(197, 198),
(198, 199),
(199, 200),
(200, 201),
(201, 202),
(202, 203),
(203, 204),
(204, 205),
(205, 206),
(206, 207),
(207, 208),
(208, 209),
(209, 210),
(210, 211),
(211, 212),
(212, 213),
(213, 214),
(214, 215),
(215, 216),
(216, 217),
(217, 218),
(218, 219),
(219, 220),
(220, 221),
(221, 222),
(222, 223),
(223, 224),
(224, 225),
(225, 226),
(226, 227),
(227, 228),
(228, 229),
(229, 230),
(230, 231),
(231, 232),
(232, 233),
(233, 234),
(234, 235),
(235, 236),
(236, 237),
(237, 238),
(238, 239),
(239, 240),
(240, 241),
(241, 242),
(242, 243),
(243, 244),
(244, 245),
(245, 246),
(246, 247),
(247, 248),
(248, 249),
(249, 250),
(250, 251),
(251, 252),
(252, 253),
(253, 254),
(254, 255),
(255, 256),
(256, 257),
(257, 258),
(258, 259),
(259, 260),
(260, 261),
(261, 262),
(262, 263),
(263, 264),
(264, 265),
(265, 266),
(266, 267),
(267, 268),
(268, 269),
(269, 270),
(270, 271),
(271, 272),
(272, 273),
(273, 274),
(274, 275),
(275, 276),
(276, 277),
(277, 278),
(278, 279),
(279, 280),
(280, 281),
(281, 282),
(282, 283),
(283, 284),
(284, 285),
(285, 286),
(286, 287),
(287, 288),
(288, 289),
(289, 290),
(290, 291),
(291, 292),
(292, 293),
(293, 294),
(294, 295),
(295, 296),
(296, 297),
(297, 298),
(298, 299),
(299, 300),
(300, 301),
(301, 302),
(302, 303),
(303, 304),
(304, 305),
(305, 306),
(306, 307),
(307, 308),
(308, 309),
(309, 310),
(310, 311),
(311, 312),
(312, 313),
(313, 314),
(314, 315),
(315, 316),
(316, 317),
(317, 318),
(318, 319),
(319, 320),
(320, 321),
(321, 322),
(322, 323),
(323, 324),
(324, 325),
(325, 326),
(326, 327),
(327, 328),
(328, 329),
(329, 330),
(330, 331),
(331, 332),
(332, 333),
(333, 334),
(334, 335),
(335, 336),
(336, 337),
(337, 338),
(338, 339),
(339, 340),
(340, 341),
(341, 342),
(342, 343),
(343, 344),
(344, 345),
(345, 346),
(346, 347),
(347, 348),
(348, 349),
(349, 350),
(350, 351),
(351, 352),
(352, 353),
(353, 354),
(354, 355),
(355, 356),
(356, 357),
(357, 358),
(358, 359),
(359, 360),
(360, 361),
(361, 362),
(362, 363),
(363, 364),
(364, 365),
(365, 366),
(366, 367),
(367, 368),
(368, 369),
(369, 370),
(370, 371),
(371, 372),
(372, 373),
(373, 374),
(374, 375),
(375, 376),
(376, 377),
(377, 378),
(378, 379),
(379, 380),
(380, 381),
(381, 382),
(382, 383),
(383, 384),
(384, 385),
(385, 386),
(386, 387),
(387, 388),
(388, 389),
(389, 390),
(390, 391),
(391, 392),
(392, 393),
(393, 394),
(394, 395),
(395, 396),
(396, 397),
(397, 398),
(398, 399),
(399, 400),
(400, 401),
(401, 402),
(402, 403),
(403, 404),
(404, 405),
(405, 406),
(406, 407),
(407, 408),
(408, 409),
(409, 410),
(410, 411),
(411, 412),
(412, 413),
(413, 414),
(414, 415),
(415, 416),
(416, 417),
(417, 418),
(418, 419),
(419, 420),
(420, 421),
(421, 422),
(422, 423),
(423, 424),
(424, 425),
(425, 426),
(426, 427),
(427, 428),
(428, 429),
(429, 430),
(430, 431),
(431, 432),
(432, 433),
(433, 434),
(434, 435),
(435, 436),
(436, 437),
(437, 438),
(438, 439),
(439, 440),
(440, 441),
(441, 442),
(442, 443),
(443, 444),
(444, 445),
(445, 446),
(446, 447),
(447, 448),
(448, 449),
(449, 450),
(450, 451),
(451, 452),
(452, 453),
(453, 454),
(454, 455),
(455, 456),
(456, 457),
(457, 458),
(458, 459),
(459, 460),
(460, 461),
(461, 462),
(462, 463),
(463, 464),
(464, 465),
(465, 466),
(466, 467),
(467, 468),
(468, 469),
(469, 470),
(470, 471),
(471, 472),
(472, 473),
(473, 474),
(474, 475),
(475, 476),
(476, 477),
(477, 478),
(478, 479),
(479, 480),
(480, 481),
(481, 482),
(482, 483),
(483, 484),
(484, 485),
(485, 486),
(486, 487),
(487, 488),
(488, 489),
(489, 490),
(490, 491),
(491, 492),
(492, 493),
(493, 494),
(494, 495),
(495, 496),
(496, 497),
(497, 498),
(498, 499),
(499, 500),
(500, 501),
(501, 502),
(502, 503),
(503, 504),
(504, 505),
(505, 506),
(506, 507),
(507, 508),
(508, 509),
(509, 510),
(510, 511),
(511, 512),
(512, 513),
(513, 514),
(514, 515),
(515, 516),
(516, 517),
(517, 518),
(518, 519),
(519, 520),
(520, 521),
(521, 522),
(522, 523),
(523, 524),
(524, 525),
(525, 526),
(526, 527),
(527, 528),
(528, 529),
(529, 530),
(530, 531),
(531, 532),
(532, 533),
(533, 534),
(534, 535),
(535, 536),
(536, 537),
(537, 538),
(538, 539),
(539, 540),
(540, 541),
(541, 542),
(542, 543),
(543, 544),
(544, 545),
(545, 546),
(546, 547),
(547, 548),
(548, 549),
(549, 550),
(550, 551),
(551, 552),
(552, 553),
(553, 554),
(554, 555),
(555, 556),
(556, 557),
(557, 558),
(558, 559),
(559, 560),
(560, 561),
(561, 562),
(562, 563),
(563, 564),
(564, 565),
(565, 566),
(566, 567),
(567, 568),
(568, 569),
(569, 570),
(570, 571),
(571, 572),
(572, 573),
(573, 574),
(574, 575),
(575, 576),
(576, 577),
(577, 578),
(578, 579),
(579, 580),
(580, 581),
(581, 582),
(582, 583),
(583, 584),
(584, 585),
(585, 586),
(586, 587),
(587, 588),
(588, 589),
(588, 590),
(589, 591),
(590, 592),
(591, 593),
(592, 594),
(593, 595),
(594, 596),
(595, 597),
(596, 598),
(597, 599),
(598, 600),
(599, 601),
(600, 602),
(601, 603),
(602, 604),
(603, 605),
(604, 606),
(605, 607),
(606, 608),
(607, 609),
(608, 610),
(609, 611),
(610, 612),
(611, 613),
(612, 614),
(613, 615),
(614, 616),
(615, 617),
(616, 618),
(617, 619),
(618, 620),
(619, 621),
(620, 622),
(621, 623),
(622, 624),
(623, 625),
(624, 626),
(625, 627),
(626, 628),
(627, 629),
(628, 630),
(629, 631),
(630, 632),
(631, 633),
(632, 634),
(633, 635),
(634, 636),
(635, 637),
(636, 638),
(637, 639),
(638, 640),
(639, 641),
(640, 642),
(641, 643),
(642, 644),
(643, 645),
(644, 646),
(645, 647),
(646, 648),
(647, 649),
(648, 650),
(649, 651),
(650, 652),
(651, 653),
(652, 654),
(653, 655),
(654, 656),
(654, 657),
(655, 658),
(656, 659),
(657, 660),
(658, 661),
(659, 662),
(660, 663),
(661, 664),
(662, 665),
(663, 666),
(664, 667),
(665, 668),
(666, 669),
(667, 670),
(668, 671),
(669, 672),
(670, 673),
(671, 674),
(672, 675),
(673, 676),
(674, 677),
(675, 678),
(676, 679),
(677, 680),
(678, 681),
(679, 682),
(680, 683),
(681, 684),
(682, 685),
(683, 686),
(684, 687),
(685, 688),
(686, 689),
(687, 690),
(688, 691),
(689, 692),
(690, 693),
(691, 694),
(692, 695),
(693, 696),
(694, 697),
(695, 698),
(696, 699),
(697, 700),
(698, 701),
(699, 702),
(699, 703),
(700, 704),
(701, 705),
(702, 706),
(703, 707),
(704, 708),
(705, 709),
(706, 710),
(707, 711),
(708, 712),
(709, 713),
(710, 714),
(711, 715),
(712, 716),
(713, 717),
(714, 718),
(715, 719),
(716, 720),
(717, 721),
(718, 722),
(719, 723),
(720, 724),
(721, 725),
(722, 726),
(723, 727),
(724, 728),
(725, 729),
(726, 730),
(727, 731),
(728, 732),
(729, 733),
(730, 734),
(731, 735),
(732, 736),
(732, 737),
(733, 738),
(734, 739),
(735, 740),
(736, 741),
(737, 742),
(738, 743),
(739, 744),
(740, 745),
(741, 746),
(742, 747),
(743, 748),
(744, 749),
(745, 750),
(746, 751),
(747, 752),
(748, 753),
(749, 754),
(750, 755),
(751, 756),
(752, 757),
(753, 758),
(754, 759),
(755, 760),
(756, 761),
(757, 762),
(758, 763),
(759, 764),
(760, 765),
(761, 766),
(762, 767),
(763, 768),
(764, 769),
(765, 770),
(766, 771),
(767, 772),
(768, 773),
(769, 774),
(770, 775),
(771, 776),
(772, 777),
(773, 778),
(774, 779),
(775, 780),
(776, 781),
(777, 782),
(777, 783),
(778, 784),
(779, 785),
(780, 786),
(781, 787),
(782, 788),
(783, 789),
(784, 790),
(785, 791),
(786, 792),
(787, 793),
(788, 794),
(789, 795),
(790, 796),
(790, 797),
(791, 798),
(792, 799),
(793, 800),
(794, 801),
(795, 802),
(796, 803),
(797, 804),
(798, 805),
(799, 806),
(800, 807),
(801, 808),
(802, 809),
(803, 810),
(804, 811),
(805, 812),
(806, 813),
(807, 814),
(808, 815),
(809, 816),
(810, 817),
(811, 818),
(812, 819),
(813, 820),
(814, 821),
(815, 822),
(816, 823),
(817, 824),
(818, 825),
(819, 826),
(820, 827),
(821, 828),
(822, 829),
(823, 830),
(824, 831),
(825, 832),
(826, 833),
(827, 834),
(828, 835),
(829, 836),
(830, 837),
(831, 838),
(832, 839),
(833, 840),
(834, 841),
(835, 842),
(836, 843),
(837, 844),
(838, 845),
(839, 846),
(840, 847),
(841, 848),
(842, 849),
(843, 850),
(844, 851),
(845, 852),
(846, 853),
(847, 854),
(848, 855),
(849, 856),
(850, 857),
(851, 858),
(852, 859),
(853, 860),
(854, 861),
(855, 862),
(856, 863),
(857, 864),
(858, 865),
(859, 866),
(860, 867),
(861, 868),
(862, 869),
(863, 870),
(864, 871),
(865, 872),
(866, 873),
(867, 874),
(868, 875),
(869, 876),
(870, 877),
(871, 878),
(872, 879),
(873, 880),
(874, 881),
(875, 882),
(876, 883),
(877, 884),
(878, 885),
(879, 886),
(880, 887),
(881, 888),
(882, 889),
(883, 890),
(884, 891),
(885, 892),
(886, 893),
(887, 894),
(888, 895),
(889, 896),
(890, 897),
(891, 898),
(892, 899),
(893, 900),
(894, 901),
(895, 902),
(896, 903),
(897, 904),
(898, 905),
(899, 906),
(900, 907),
(901, 908),
(902, 909),
(903, 910),
(904, 911),
(905, 912),
(906, 913),
(907, 914),
(907, 915),
(908, 916),
(909, 917),
(910, 918),
(911, 919),
(912, 920),
(913, 921),
(914, 922),
(915, 923),
(916, 924),
(917, 925),
(918, 926),
(919, 927),
(920, 928),
(921, 929),
(922, 930),
(923, 931),
(924, 932),
(925, 933),
(926, 934),
(927, 935),
(928, 936),
(929, 937),
(930, 938),
(931, 939),
(932, 940),
(933, 941),
(934, 942),
(935, 943),
(936, 944),
(937, 945),
(938, 946),
(939, 947),
(940, 948),
(941, 949),
(942, 950),
(943, 951),
(944, 952),
(945, 953),
(946, 954),
(947, 955),
(948, 956),
(949, 957),
(950, 958),
(951, 959),
(952, 960),
(953, 961),
(954, 962),
(955, 963),
(956, 964),
(957, 965),
(958, 966),
(959, 967),
(960, 968),
(961, 969),
(962, 970),
(963, 971),
(964, 972),
(965, 973),
(966, 974),
(967, 975),
(968, 976),
(969, 977),
(970, 978),
(971, 979),
(972, 980),
(973, 981),
(974, 982),
(975, 983),
(976, 984),
(977, 985),
(978, 986),
(979, 987),
(980, 988),
(981, 989),
(982, 990),
(983, 991),
(984, 992),
(985, 993),
(986, 994),
(987, 995),
(988, 996),
(989, 997),
(990, 998),
(991, 999),
(992, 1000),
(993, 1001),
(994, 1002),
(995, 1003),
(996, 1004),
(997, 1005),
(998, 1006),
(999, 1007),
(1000, 1008),
(1001, 1009),
(1002, 1010),
(1003, 1011),
(1004, 1012),
(1005, 1013),
(1006, 1014),
(1007, 1015),
(1008, 1016),
(1009, 1017),
(1010, 1018),
(1011, 1019),
(1016, 1032),
(1017, 1033);

-- --------------------------------------------------------

--
-- Table structure for table `user_input`
--

CREATE TABLE `user_input` (
  `id_user` int(11) NOT NULL,
  `email` varchar(255) DEFAULT NULL,
  `nama_user` varchar(255) DEFAULT NULL,
  `password` varchar(255) DEFAULT NULL,
  `timestamp_input` datetime DEFAULT NULL,
  `id_kelas` int(11) DEFAULT NULL,
  `id_kelompok` int(11) DEFAULT NULL
) ENGINE=InnoDB DEFAULT CHARSET=utf8mb4 COLLATE=utf8mb4_general_ci;

--
-- Dumping data for table `user_input`
--

INSERT INTO `user_input` (`id_user`, `email`, `nama_user`, `password`, `timestamp_input`, `id_kelas`, `id_kelompok`) VALUES
(1, 'aryaps@upi.edu', 'Arya Purnama Sauri', 'ilkompc1c2', '2025-05-06 16:56:34', 1, 1),
(2, 'bintangfajarputra@upi.edu', 'Bintang Fajar Putra Pamungkas', 'ilkompc1c2', '2025-05-06 16:56:34', 1, 5),
(3, '', 'Daffa Naufal Muammar', 'ilkompc1c2', '2025-05-06 16:56:34', 1, NULL),
(4, 'daffadhiaacandra@upi.edu', 'Daffa Dhiyaa Chandra', 'ilkompc1c2', '2025-05-06 16:56:34', 1, 2),
(5, 'dhiyau27@upi.edu', 'Dhiya Ulhaq', 'ilkompc1c2', '2025-05-06 16:56:34', 1, 8),
(6, 'dickaf547@gmail.com', 'Dicka Fachrunaldo Kartamiharja', 'ilkompc1c2', '2025-05-06 16:56:34', 1, 9),
(7, 'dickaf547@upi.edu', 'Dicka Fachrunaldo Kartamiharja', 'ilkompc1c2', '2025-05-06 16:56:34', 1, 9),
(8, 'dzokodolog@upi.edu', 'Dzaka Musyaffa Hidayat', 'ilkompc1c2', '2025-05-06 16:56:34', 1, 5),
(9, 'frizkiaskusnendar@upi.edu', 'Fakhri Rizkiana Syaban Kusnendar', 'ilkompc1c2', '2025-05-06 16:56:34', 1, 2),
(10, 'gherryalviart769@upi.edu', 'Gherry Alviart', 'ilkompc1c2', '2025-05-06 16:56:34', 1, 9),
(11, '', 'Hatyja Kakajanova Muhammetmyradovna', 'ilkompc1c2', '2025-05-06 16:56:34', 1, NULL),
(12, 'hawadwiafina@upi.edu', 'Hawa Dwiafina Azahra', 'ilkompc1c2', '2025-05-06 16:56:34', 1, 8),
(13, 'imam76@upi.edu', 'Imam Azizun Hakim', 'ilkompc1c2', '2025-05-06 16:56:34', 1, 5),
(14, 'iqbalrizkymaulana@upi.edu', 'Iqbal Rizky Maulana', 'ilkompc1c2', '2025-05-06 16:56:34', 1, 4),
(15, 'mahendradevid30@upi.edu', 'Mahendra Devid Putra Anwar', 'ilkompc1c2', '2025-05-06 16:56:34', 1, 3),
(16, 'basriaazka.workspace@upi.edu', 'Mochammad Azka Basria', 'ilkompc1c2', '2025-05-06 16:56:34', 1, 4),
(17, 'pindandss2@gmail.com', 'Mochammad Azka Basria', 'ilkompc1c2', '2025-05-06 16:56:34', 1, 4),
(18, 'malanandika13@upi.edu', 'Muhammad Alan Andika', 'ilkompc1c2', '2025-05-06 16:56:34', 1, 9),
(19, 'rafikasyas23s@gmail.com', 'Muhammad Attala Rafikasya', 'ilkompc1c2', '2025-05-06 16:56:34', 1, 3),
(20, '', 'Muhammad Farrel Athaillah', 'ilkompc1c2', '2025-05-06 16:56:34', 1, NULL),
(21, 'fitravgg22@upi.edu', 'Muhammad Fittra Novria Rizki', 'ilkompc1c2', '2025-05-06 16:56:34', 1, 3),
(22, 'maulanaa1408@upi.edu', 'Muhammad Maulana Adrian', '$2y$12$MrEZM/mzcRoNK8BXj2fPyOvVIIF5nP247qdB4ARih1XiiH48qBx1G', '2025-05-06 16:56:34', 1, 4),
(23, 'muhrangganp.05@upi.edu', 'Muhammad Rangga Nur Praditha', 'ilkompc1c2', '2025-05-06 16:56:34', 1, 5),
(24, 'mrizkiana4432@upi.edu', 'Muhammad Rizkiana Pratama ', 'ilkompc1c2', '2025-05-06 16:56:34', 1, 7),
(25, 'saidbanx12@gmail.com', 'Muhiban Fadlan Nursaid', 'ilkompc1c2', '2025-05-06 16:56:34', 1, 7),
(26, 'nanaynadhif666@upi.edu', 'Nadhif Arva Anargya', 'ilkompc1c2', '2025-05-06 16:56:34', 1, 7),
(27, 'nadzallad@gmail.com', 'Nadzalla Diva Asmara Sutedja', 'ilkompc1c2', '2025-05-06 16:56:34', 1, 6),
(28, 'naurafaizah@upi.edu', 'Naura Nur Faizah ', 'ilkompc1c2', '2025-05-06 16:56:34', 1, 6),
(29, 'nurabdillah@upi.edu', 'Nur Abdillah Ifhamuddin', 'ilkompc1c2', '2025-05-06 16:56:34', 1, 3),
(30, 'rizkauliaa2715@upi.edu', 'Rizka Aulia', 'ilkompc1c2', '2025-05-06 16:56:34', 1, 6),
(31, 'selikakanajmii@upi.edu', 'Selika Kanajmi', 'ilkompc1c2', '2025-05-06 16:56:34', 1, 6),
(32, 'shidqirasyad70@upi.edu', 'Shidqi Rasyad Firjatulah', 'ilkompc1c2', '2025-05-06 16:56:34', 1, 7),
(33, 'umarexandromeda@upi.edu', 'Umarex Shauma Andromeda', 'ilkompc1c2', '2025-05-06 16:56:34', 1, 8),
(34, 'viviagustina@upi.edu', 'Vivi Agustina Suryana', 'ilkompc1c2', '2025-05-06 16:56:34', 1, 8),
(35, 'rizki2008fs@gmail.com', 'Vivi Agustina Suryana', 'ilkompc1c2', '2025-05-06 16:56:34', 1, 8),
(36, 'wilsontulus@upi.edu', 'Willsoon Tulus Parluhutan Simanjuntak', 'ilkompc1c2', '2025-05-06 16:56:34', 1, 1),
(37, 'zharfanfw@upi.edu', 'Zharfan Faza Wibawa', 'ilkompc1c2', '2025-05-06 16:56:34', 1, 4),
(38, 'zufar_ahmad@upi.edu', 'Zufar Ahmad Maulidy', 'ilkompc1c2', '2025-05-06 16:56:34', 1, NULL),
(39, 'zulfianrais3101@gmail.com', 'Zulfian Rais Almanshur', 'ilkompc1c2', '2025-05-06 16:56:34', 1, 2),
(40, '', 'Ahmad Murabith Arnaya Situmorang', 'ilkompc1c2', '2025-05-06 18:55:40', 2, NULL),
(41, 'ajipati.alaga@upi.edu', 'Ajipati Alaga Putra', 'ilkompc1c2', '2025-05-06 18:55:40', 2, 4),
(42, 'anasmf098@gmail.com', 'Anas Miftakhul Falah', 'ilkompc1c2', '2025-05-06 18:55:40', 2, 8),
(43, 'atharghaisan002@upi.edu', 'Athar Ghaisan Herman', 'ilkompc1c2', '2025-05-06 18:55:40', 2, 1),
(44, 'ervinakusnanda@upi.edu', 'Ervina Kusnanda', 'ilkompc1c2', '2025-05-06 18:55:40', 2, 2),
(45, 'farahmauliida@upi.edu', 'Farah Maulida', 'ilkompc1c2', '2025-05-06 18:55:40', 2, 1),
(46, 'fauzia26rahma@gmail.com', 'Fauzia Rahma Nisa', 'ilkompc1c2', '2025-05-06 18:55:40', 2, 7),
(47, 'firdaridzki.1@upi.edu', 'Firda Ridzki Utami', 'ilkompc1c2', '2025-05-06 18:55:40', 2, 4),
(48, 'frosttskrt@gmail.com', 'Harri Supriadi', 'ilkompc1c2', '2025-05-06 18:55:40', 2, 6),
(49, 'juliarahma12606@gmail.com', 'Julia Rahmawati', 'ilkompc1c2', '2025-05-06 18:55:40', 2, 8),
(50, 'juliarahmawati@upi.edu', 'Julia Rahmawati', 'ilkompc1c2', '2025-05-06 18:55:40', 2, 8),
(51, '', 'Maula Mirza Ananda', 'ilkompc1c2', '2025-05-06 18:55:40', 2, NULL),
(52, 'mmudrik@upi.edu', 'Mohammad Mudrik', 'ilkompc1c2', '2025-05-06 18:55:40', 2, 6),
(53, '', 'Mohammad Raffi Setiawan Putra', 'ilkompc1c2', '2025-05-06 18:55:40', 2, NULL),
(54, 'adwarsalman45@gmail.com', 'Muhammad Adwar Salman', 'ilkompc1c2', '2025-05-06 18:55:40', 2, 4),
(55, 'adwarsalman45@upi.edu', 'Muhammad Adwar Salman', 'ilkompc1c2', '2025-05-06 18:55:40', 2, 4),
(56, 'muhammadazmi36@upi.edu', 'Muhammad Azmi Salam', 'ilkompc1c2', '2025-05-06 18:55:40', 2, 8),
(57, 'rappepu@upi.edu', 'M. Raffa Mizanul Insan', 'ilkompc1c2', '2025-05-06 18:55:40', 2, 4),
(58, 'nafisasyakir.a04@upi.edu', 'Nafis Asyakir Anjar', 'ilkompc1c2', '2025-05-06 18:55:40', 2, 7),
(59, 'najmialifahh@gmail.com', 'Najmi Alifah Hilmiya', 'ilkompc1c2', '2025-05-06 18:55:40', 2, 5),
(60, 'naufal_rbbni@upi.edu', 'Naufal Rizki Rabbani', 'ilkompc1c2', '2025-05-06 18:55:40', 2, 3),
(61, 'naufalzahid@upi.edu', 'Naufal Zahid', 'ilkompc1c2', '2025-05-06 18:55:40', 2, 2),
(62, 'nihaaprill@upi.edu', 'Niha April', 'ilkompc1c2', '2025-05-06 18:55:40', 2, 1),
(63, 'nisrina.natun3@upi.edu', 'Nisrina Safinatunnajah', 'ilkompc1c2', '2025-05-06 18:55:40', 2, 7),
(64, 'nurulatiqah@upi.edu', 'Nurul Atiqah', 'ilkompc1c2', '2025-05-06 18:55:40', 2, 5),
(65, 'putiiwsyalala@upi.edu', 'Putri Ramadhani', 'ilkompc1c2', '2025-05-06 18:55:40', 2, 3),
(66, 'raffienanda@upi.edu', 'Raffie Arsy Ananda', 'ilkompc1c2', '2025-05-06 18:55:40', 2, 6),
(67, 'rex_id@upi.edu', 'Rafi Ahmad Al Farisi', 'ilkompc1c2', '2025-05-06 18:55:40', 2, 3),
(68, 'rafisub@upi.edu', 'Rafi Subqhi Nuraziz', 'ilkompc1c2', '2025-05-06 18:55:40', 2, 5),
(69, 'repa.pitrianni@upi.edu', 'Repa Pitriani', 'ilkompc1c2', '2025-05-06 18:55:40', 2, 2),
(70, 'rifadanindra@upi.edu', 'Rifa Muhammad Danindra', 'ilkompc1c2', '2025-05-06 18:55:40', 2, 8),
(71, 'rifkyfadhillahakbar@upi.edu', 'Rifky Fadhillah Akbar', 'ilkompc1c2', '2025-05-06 18:55:40', 2, 6),
(72, 'shakilaaulia@upi.edu', 'Shakila Aulia', 'ilkompc1c2', '2025-05-06 18:55:40', 2, 5),
(73, 'yassarm@upi.edu', 'Yassar Muwaffaq', 'ilkompc1c2', '2025-05-06 18:55:40', 2, 1),
(74, 'zahranzaidan3@gmail.com', 'Zahran Zaidan Saputra', 'ilkompc1c2', '2025-05-06 18:55:40', 2, 2),
(76, 'charc1nt4@gmail.com', 'charc1nt4', '$2y$10$bqrJTT0yIcPoEYA/xTuWAOL7jdy4U4Lr604jJrdUrY51BoqDXmRi.', '2025-06-05 06:32:42', NULL, NULL),
(77, 'maulana140804@gmail.com', 'Maul', '$2y$12$bMsxgYmWp9AC6YmmtJotfu9VEL56dhAWmAZu..YcqjBhwPvncsg0i', '2025-06-10 21:33:14', NULL, NULL);

--
-- Indexes for dumped tables
--

--
-- Indexes for table `jenis_sampah`
--
ALTER TABLE `jenis_sampah`
  ADD PRIMARY KEY (`id_jenis`);

--
-- Indexes for table `jenis_sampah_multivalue`
--
ALTER TABLE `jenis_sampah_multivalue`
  ADD PRIMARY KEY (`id_multivalue`),
  ADD KEY `id_jenis` (`id_jenis`),
  ADD KEY `fk_multivalue_satuan` (`id_satuan`);

--
-- Indexes for table `kelas`
--
ALTER TABLE `kelas`
  ADD PRIMARY KEY (`id_kelas`);

--
-- Indexes for table `kelompok`
--
ALTER TABLE `kelompok`
  ADD PRIMARY KEY (`id_kelompok`);

--
-- Indexes for table `satuan`
--
ALTER TABLE `satuan`
  ADD PRIMARY KEY (`id_satuan`);

--
-- Indexes for table `transaksi_sampah`
--
ALTER TABLE `transaksi_sampah`
  ADD PRIMARY KEY (`id_transaksi`),
  ADD KEY `id_user` (`id_user`);

--
-- Indexes for table `transaksi_sampah_jenis`
--
ALTER TABLE `transaksi_sampah_jenis`
  ADD PRIMARY KEY (`id_transaksi`,`id_multivalue`),
  ADD KEY `id_multivalue` (`id_multivalue`);

--
-- Indexes for table `user_input`
--
ALTER TABLE `user_input`
  ADD PRIMARY KEY (`id_user`),
  ADD KEY `fk_userinput_kelas` (`id_kelas`),
  ADD KEY `fk_userinput_kelompok` (`id_kelompok`);

--
-- AUTO_INCREMENT for dumped tables
--

--
-- AUTO_INCREMENT for table `jenis_sampah`
--
ALTER TABLE `jenis_sampah`
  MODIFY `id_jenis` int(11) NOT NULL AUTO_INCREMENT, AUTO_INCREMENT=5;

--
-- AUTO_INCREMENT for table `jenis_sampah_multivalue`
--
ALTER TABLE `jenis_sampah_multivalue`
  MODIFY `id_multivalue` int(11) NOT NULL AUTO_INCREMENT, AUTO_INCREMENT=1035;

--
-- AUTO_INCREMENT for table `kelas`
--
ALTER TABLE `kelas`
  MODIFY `id_kelas` int(11) NOT NULL AUTO_INCREMENT, AUTO_INCREMENT=3;

--
-- AUTO_INCREMENT for table `kelompok`
--
ALTER TABLE `kelompok`
  MODIFY `id_kelompok` int(11) NOT NULL AUTO_INCREMENT, AUTO_INCREMENT=10;

--
-- AUTO_INCREMENT for table `satuan`
--
ALTER TABLE `satuan`
  MODIFY `id_satuan` int(11) NOT NULL AUTO_INCREMENT, AUTO_INCREMENT=14;

--
-- AUTO_INCREMENT for table `transaksi_sampah`
--
ALTER TABLE `transaksi_sampah`
  MODIFY `id_transaksi` int(11) NOT NULL AUTO_INCREMENT, AUTO_INCREMENT=1018;

--
-- AUTO_INCREMENT for table `user_input`
--
ALTER TABLE `user_input`
  MODIFY `id_user` int(11) NOT NULL AUTO_INCREMENT, AUTO_INCREMENT=78;

--
-- Constraints for dumped tables
--

--
-- Constraints for table `jenis_sampah_multivalue`
--
ALTER TABLE `jenis_sampah_multivalue`
  ADD CONSTRAINT `fk_multivalue_satuan` FOREIGN KEY (`id_satuan`) REFERENCES `satuan` (`id_satuan`),
  ADD CONSTRAINT `jenis_sampah_multivalue_ibfk_1` FOREIGN KEY (`id_jenis`) REFERENCES `jenis_sampah` (`id_jenis`);

--
-- Constraints for table `transaksi_sampah`
--
ALTER TABLE `transaksi_sampah`
  ADD CONSTRAINT `transaksi_sampah_ibfk_1` FOREIGN KEY (`id_user`) REFERENCES `user_input` (`id_user`);

--
-- Constraints for table `transaksi_sampah_jenis`
--
ALTER TABLE `transaksi_sampah_jenis`
  ADD CONSTRAINT `transaksi_sampah_jenis_ibfk_1` FOREIGN KEY (`id_transaksi`) REFERENCES `transaksi_sampah` (`id_transaksi`),
  ADD CONSTRAINT `transaksi_sampah_jenis_ibfk_2` FOREIGN KEY (`id_multivalue`) REFERENCES `jenis_sampah_multivalue` (`id_multivalue`);

--
-- Constraints for table `user_input`
--
ALTER TABLE `user_input`
  ADD CONSTRAINT `fk_userinput_kelas` FOREIGN KEY (`id_kelas`) REFERENCES `kelas` (`id_kelas`),
  ADD CONSTRAINT `fk_userinput_kelompok` FOREIGN KEY (`id_kelompok`) REFERENCES `kelompok` (`id_kelompok`);
COMMIT;

/*!40101 SET CHARACTER_SET_CLIENT=@OLD_CHARACTER_SET_CLIENT */;
/*!40101 SET CHARACTER_SET_RESULTS=@OLD_CHARACTER_SET_RESULTS */;
/*!40101 SET COLLATION_CONNECTION=@OLD_COLLATION_CONNECTION */;
